ISO-10303-21;
HEADER;
/* Generated by software containing ST-Developer
 * from STEP Tools, Inc. (www.steptools.com) 
 */

FILE_DESCRIPTION(
/* description */ ('',
'CAx-IF Rec.Pracs.---Representation and Presentation of Product Manufa
cturing Information (PMI)---4.0---2014-10-13'),
/* implementation_level */ '2;1');

FILE_NAME(
/* name */ '',
/* time_stamp */ '2025-03-18T22:53:50+08:00',
/* author */ (''),
/* organization */ (''),
/* preprocessor_version */ 'ST-DEVELOPER v20',
/* originating_system */ 'Autodesk Translation Framework v13.20.0.188',

/* authorisation */ '');

FILE_SCHEMA (('AP242_MANAGED_MODEL_BASED_3D_ENGINEERING_MIM_LF { 1 0 10303 442 1 1 4 }'));
ENDSEC;

DATA;
#10=MECHANICAL_DESIGN_GEOMETRIC_PRESENTATION_REPRESENTATION('',(#13),#3519);
#11=SHAPE_REPRESENTATION_RELATIONSHIP('SRR','None',#3526,#12);
#12=ADVANCED_BREP_SHAPE_REPRESENTATION('',(#14),#3518);
#13=STYLED_ITEM('',(#3536),#14);
#14=MANIFOLD_SOLID_BREP('\X2\5B9E4F53\X0\1',#2059);
#15=FACE_BOUND('',#231,.T.);
#16=FACE_BOUND('',#232,.T.);
#17=FACE_BOUND('',#233,.T.);
#18=FACE_BOUND('',#234,.T.);
#19=FACE_BOUND('',#235,.T.);
#20=FACE_BOUND('',#263,.T.);
#21=FACE_BOUND('',#264,.T.);
#22=FACE_BOUND('',#265,.T.);
#23=FACE_BOUND('',#266,.T.);
#24=FACE_BOUND('',#267,.T.);
#25=FACE_BOUND('',#274,.T.);
#26=FACE_BOUND('',#277,.T.);
#27=FACE_BOUND('',#280,.T.);
#28=FACE_BOUND('',#283,.T.);
#29=TOROIDAL_SURFACE('',#2145,3.7,0.5);
#30=TOROIDAL_SURFACE('',#2172,3.7,0.5);
#31=TOROIDAL_SURFACE('',#2178,3.7,0.5);
#32=TOROIDAL_SURFACE('',#2184,3.7,0.5);
#33=PLANE('',#2076);
#34=PLANE('',#2080);
#35=PLANE('',#2084);
#36=PLANE('',#2088);
#37=PLANE('',#2092);
#38=PLANE('',#2096);
#39=PLANE('',#2100);
#40=PLANE('',#2104);
#41=PLANE('',#2108);
#42=PLANE('',#2112);
#43=PLANE('',#2116);
#44=PLANE('',#2120);
#45=PLANE('',#2124);
#46=PLANE('',#2126);
#47=PLANE('',#2132);
#48=PLANE('',#2136);
#49=PLANE('',#2140);
#50=PLANE('',#2144);
#51=PLANE('',#2150);
#52=PLANE('',#2193);
#53=PLANE('',#2199);
#54=PLANE('',#2202);
#55=PLANE('',#2205);
#56=PLANE('',#2214);
#57=PLANE('',#2218);
#58=PLANE('',#2222);
#59=PLANE('',#2225);
#60=PLANE('',#2226);
#61=PLANE('',#2243);
#62=PLANE('',#2245);
#63=PLANE('',#2247);
#64=PLANE('',#2250);
#65=PLANE('',#2253);
#66=PLANE('',#2256);
#67=PLANE('',#2259);
#68=PLANE('',#2260);
#69=PLANE('',#2261);
#70=PLANE('',#2262);
#71=PLANE('',#2263);
#72=PLANE('',#2264);
#73=PLANE('',#2265);
#74=PLANE('',#2266);
#75=PLANE('',#2267);
#76=PLANE('',#2268);
#77=PLANE('',#2269);
#78=PLANE('',#2270);
#79=PLANE('',#2271);
#80=PLANE('',#2272);
#81=PLANE('',#2273);
#82=PLANE('',#2276);
#83=PLANE('',#2279);
#84=PLANE('',#2281);
#85=PLANE('',#2283);
#86=PLANE('',#2286);
#87=FACE_OUTER_BOUND('',#193,.T.);
#88=FACE_OUTER_BOUND('',#194,.T.);
#89=FACE_OUTER_BOUND('',#195,.T.);
#90=FACE_OUTER_BOUND('',#196,.T.);
#91=FACE_OUTER_BOUND('',#197,.T.);
#92=FACE_OUTER_BOUND('',#198,.T.);
#93=FACE_OUTER_BOUND('',#199,.T.);
#94=FACE_OUTER_BOUND('',#200,.T.);
#95=FACE_OUTER_BOUND('',#201,.T.);
#96=FACE_OUTER_BOUND('',#202,.T.);
#97=FACE_OUTER_BOUND('',#203,.T.);
#98=FACE_OUTER_BOUND('',#204,.T.);
#99=FACE_OUTER_BOUND('',#205,.T.);
#100=FACE_OUTER_BOUND('',#206,.T.);
#101=FACE_OUTER_BOUND('',#207,.T.);
#102=FACE_OUTER_BOUND('',#208,.T.);
#103=FACE_OUTER_BOUND('',#209,.T.);
#104=FACE_OUTER_BOUND('',#210,.T.);
#105=FACE_OUTER_BOUND('',#211,.T.);
#106=FACE_OUTER_BOUND('',#212,.T.);
#107=FACE_OUTER_BOUND('',#213,.T.);
#108=FACE_OUTER_BOUND('',#214,.T.);
#109=FACE_OUTER_BOUND('',#215,.T.);
#110=FACE_OUTER_BOUND('',#216,.T.);
#111=FACE_OUTER_BOUND('',#217,.T.);
#112=FACE_OUTER_BOUND('',#218,.T.);
#113=FACE_OUTER_BOUND('',#219,.T.);
#114=FACE_OUTER_BOUND('',#220,.T.);
#115=FACE_OUTER_BOUND('',#221,.T.);
#116=FACE_OUTER_BOUND('',#222,.T.);
#117=FACE_OUTER_BOUND('',#223,.T.);
#118=FACE_OUTER_BOUND('',#224,.T.);
#119=FACE_OUTER_BOUND('',#225,.T.);
#120=FACE_OUTER_BOUND('',#226,.T.);
#121=FACE_OUTER_BOUND('',#227,.T.);
#122=FACE_OUTER_BOUND('',#228,.T.);
#123=FACE_OUTER_BOUND('',#229,.T.);
#124=FACE_OUTER_BOUND('',#230,.T.);
#125=FACE_OUTER_BOUND('',#236,.T.);
#126=FACE_OUTER_BOUND('',#237,.T.);
#127=FACE_OUTER_BOUND('',#238,.T.);
#128=FACE_OUTER_BOUND('',#239,.T.);
#129=FACE_OUTER_BOUND('',#240,.T.);
#130=FACE_OUTER_BOUND('',#241,.T.);
#131=FACE_OUTER_BOUND('',#242,.T.);
#132=FACE_OUTER_BOUND('',#243,.T.);
#133=FACE_OUTER_BOUND('',#244,.T.);
#134=FACE_OUTER_BOUND('',#245,.T.);
#135=FACE_OUTER_BOUND('',#246,.T.);
#136=FACE_OUTER_BOUND('',#247,.T.);
#137=FACE_OUTER_BOUND('',#248,.T.);
#138=FACE_OUTER_BOUND('',#249,.T.);
#139=FACE_OUTER_BOUND('',#250,.T.);
#140=FACE_OUTER_BOUND('',#251,.T.);
#141=FACE_OUTER_BOUND('',#252,.T.);
#142=FACE_OUTER_BOUND('',#253,.T.);
#143=FACE_OUTER_BOUND('',#254,.T.);
#144=FACE_OUTER_BOUND('',#255,.T.);
#145=FACE_OUTER_BOUND('',#256,.T.);
#146=FACE_OUTER_BOUND('',#257,.T.);
#147=FACE_OUTER_BOUND('',#258,.T.);
#148=FACE_OUTER_BOUND('',#259,.T.);
#149=FACE_OUTER_BOUND('',#260,.T.);
#150=FACE_OUTER_BOUND('',#261,.T.);
#151=FACE_OUTER_BOUND('',#262,.T.);
#152=FACE_OUTER_BOUND('',#268,.T.);
#153=FACE_OUTER_BOUND('',#269,.T.);
#154=FACE_OUTER_BOUND('',#270,.T.);
#155=FACE_OUTER_BOUND('',#271,.T.);
#156=FACE_OUTER_BOUND('',#272,.T.);
#157=FACE_OUTER_BOUND('',#273,.T.);
#158=FACE_OUTER_BOUND('',#275,.T.);
#159=FACE_OUTER_BOUND('',#276,.T.);
#160=FACE_OUTER_BOUND('',#278,.T.);
#161=FACE_OUTER_BOUND('',#279,.T.);
#162=FACE_OUTER_BOUND('',#281,.T.);
#163=FACE_OUTER_BOUND('',#282,.T.);
#164=FACE_OUTER_BOUND('',#284,.T.);
#165=FACE_OUTER_BOUND('',#285,.T.);
#166=FACE_OUTER_BOUND('',#286,.T.);
#167=FACE_OUTER_BOUND('',#287,.T.);
#168=FACE_OUTER_BOUND('',#288,.T.);
#169=FACE_OUTER_BOUND('',#289,.T.);
#170=FACE_OUTER_BOUND('',#290,.T.);
#171=FACE_OUTER_BOUND('',#291,.T.);
#172=FACE_OUTER_BOUND('',#292,.T.);
#173=FACE_OUTER_BOUND('',#293,.T.);
#174=FACE_OUTER_BOUND('',#294,.T.);
#175=FACE_OUTER_BOUND('',#295,.T.);
#176=FACE_OUTER_BOUND('',#296,.T.);
#177=FACE_OUTER_BOUND('',#297,.T.);
#178=FACE_OUTER_BOUND('',#298,.T.);
#179=FACE_OUTER_BOUND('',#299,.T.);
#180=FACE_OUTER_BOUND('',#300,.T.);
#181=FACE_OUTER_BOUND('',#301,.T.);
#182=FACE_OUTER_BOUND('',#302,.T.);
#183=FACE_OUTER_BOUND('',#303,.T.);
#184=FACE_OUTER_BOUND('',#304,.T.);
#185=FACE_OUTER_BOUND('',#305,.T.);
#186=FACE_OUTER_BOUND('',#306,.T.);
#187=FACE_OUTER_BOUND('',#307,.T.);
#188=FACE_OUTER_BOUND('',#308,.T.);
#189=FACE_OUTER_BOUND('',#309,.T.);
#190=FACE_OUTER_BOUND('',#310,.T.);
#191=FACE_OUTER_BOUND('',#311,.T.);
#192=FACE_OUTER_BOUND('',#312,.T.);
#193=EDGE_LOOP('',(#1305,#1306,#1307,#1308));
#194=EDGE_LOOP('',(#1309,#1310,#1311,#1312,#1313,#1314));
#195=EDGE_LOOP('',(#1315,#1316,#1317,#1318));
#196=EDGE_LOOP('',(#1319,#1320,#1321,#1322));
#197=EDGE_LOOP('',(#1323,#1324,#1325,#1326));
#198=EDGE_LOOP('',(#1327,#1328,#1329,#1330));
#199=EDGE_LOOP('',(#1331,#1332,#1333,#1334));
#200=EDGE_LOOP('',(#1335,#1336,#1337,#1338,#1339,#1340));
#201=EDGE_LOOP('',(#1341,#1342,#1343,#1344));
#202=EDGE_LOOP('',(#1345,#1346,#1347,#1348,#1349,#1350));
#203=EDGE_LOOP('',(#1351,#1352,#1353,#1354));
#204=EDGE_LOOP('',(#1355,#1356,#1357,#1358));
#205=EDGE_LOOP('',(#1359,#1360,#1361,#1362));
#206=EDGE_LOOP('',(#1363,#1364,#1365,#1366));
#207=EDGE_LOOP('',(#1367,#1368,#1369,#1370));
#208=EDGE_LOOP('',(#1371,#1372,#1373,#1374,#1375,#1376,#1377,#1378));
#209=EDGE_LOOP('',(#1379,#1380,#1381,#1382));
#210=EDGE_LOOP('',(#1383,#1384,#1385,#1386));
#211=EDGE_LOOP('',(#1387,#1388,#1389,#1390));
#212=EDGE_LOOP('',(#1391,#1392,#1393,#1394));
#213=EDGE_LOOP('',(#1395,#1396,#1397,#1398));
#214=EDGE_LOOP('',(#1399,#1400,#1401,#1402,#1403,#1404));
#215=EDGE_LOOP('',(#1405,#1406,#1407,#1408));
#216=EDGE_LOOP('',(#1409,#1410,#1411,#1412));
#217=EDGE_LOOP('',(#1413,#1414,#1415,#1416));
#218=EDGE_LOOP('',(#1417,#1418,#1419,#1420,#1421,#1422,#1423,#1424));
#219=EDGE_LOOP('',(#1425,#1426,#1427,#1428,#1429,#1430,#1431,#1432));
#220=EDGE_LOOP('',(#1433,#1434,#1435,#1436));
#221=EDGE_LOOP('',(#1437,#1438,#1439,#1440));
#222=EDGE_LOOP('',(#1441,#1442,#1443,#1444));
#223=EDGE_LOOP('',(#1445,#1446,#1447,#1448));
#224=EDGE_LOOP('',(#1449,#1450,#1451,#1452,#1453,#1454,#1455,#1456));
#225=EDGE_LOOP('',(#1457,#1458,#1459,#1460));
#226=EDGE_LOOP('',(#1461,#1462,#1463,#1464));
#227=EDGE_LOOP('',(#1465,#1466,#1467,#1468));
#228=EDGE_LOOP('',(#1469,#1470,#1471,#1472,#1473,#1474,#1475,#1476));
#229=EDGE_LOOP('',(#1477,#1478,#1479,#1480,#1481));
#230=EDGE_LOOP('',(#1482,#1483,#1484,#1485,#1486,#1487,#1488,#1489,#1490,
#1491,#1492,#1493,#1494,#1495,#1496,#1497,#1498,#1499,#1500,#1501,#1502,
#1503,#1504,#1505,#1506,#1507,#1508,#1509,#1510,#1511,#1512,#1513,#1514,
#1515,#1516,#1517,#1518,#1519,#1520,#1521,#1522,#1523));
#231=EDGE_LOOP('',(#1524));
#232=EDGE_LOOP('',(#1525));
#233=EDGE_LOOP('',(#1526,#1527,#1528,#1529,#1530,#1531,#1532,#1533));
#234=EDGE_LOOP('',(#1534));
#235=EDGE_LOOP('',(#1535));
#236=EDGE_LOOP('',(#1536,#1537,#1538,#1539,#1540));
#237=EDGE_LOOP('',(#1541,#1542,#1543,#1544,#1545));
#238=EDGE_LOOP('',(#1546,#1547,#1548,#1549,#1550));
#239=EDGE_LOOP('',(#1551,#1552,#1553,#1554,#1555));
#240=EDGE_LOOP('',(#1556,#1557,#1558,#1559,#1560));
#241=EDGE_LOOP('',(#1561,#1562,#1563,#1564,#1565));
#242=EDGE_LOOP('',(#1566,#1567,#1568,#1569,#1570));
#243=EDGE_LOOP('',(#1571,#1572,#1573,#1574));
#244=EDGE_LOOP('',(#1575,#1576,#1577,#1578,#1579,#1580));
#245=EDGE_LOOP('',(#1581,#1582,#1583,#1584));
#246=EDGE_LOOP('',(#1585,#1586,#1587,#1588));
#247=EDGE_LOOP('',(#1589,#1590,#1591,#1592));
#248=EDGE_LOOP('',(#1593,#1594,#1595,#1596));
#249=EDGE_LOOP('',(#1597,#1598,#1599,#1600));
#250=EDGE_LOOP('',(#1601,#1602,#1603,#1604));
#251=EDGE_LOOP('',(#1605,#1606,#1607,#1608,#1609,#1610));
#252=EDGE_LOOP('',(#1611,#1612,#1613,#1614));
#253=EDGE_LOOP('',(#1615,#1616,#1617,#1618));
#254=EDGE_LOOP('',(#1619,#1620,#1621,#1622));
#255=EDGE_LOOP('',(#1623,#1624,#1625,#1626));
#256=EDGE_LOOP('',(#1627,#1628,#1629,#1630));
#257=EDGE_LOOP('',(#1631,#1632,#1633,#1634));
#258=EDGE_LOOP('',(#1635,#1636,#1637,#1638));
#259=EDGE_LOOP('',(#1639,#1640,#1641,#1642));
#260=EDGE_LOOP('',(#1643,#1644,#1645,#1646));
#261=EDGE_LOOP('',(#1647,#1648,#1649,#1650));
#262=EDGE_LOOP('',(#1651,#1652,#1653,#1654,#1655,#1656,#1657,#1658,#1659,
#1660,#1661,#1662,#1663,#1664,#1665,#1666,#1667,#1668,#1669,#1670,#1671,
#1672,#1673,#1674,#1675,#1676,#1677,#1678,#1679,#1680,#1681,#1682,#1683,
#1684,#1685,#1686,#1687,#1688,#1689,#1690,#1691,#1692,#1693,#1694,#1695,
#1696,#1697,#1698,#1699,#1700,#1701,#1702,#1703,#1704,#1705,#1706));
#263=EDGE_LOOP('',(#1707,#1708,#1709,#1710,#1711,#1712,#1713,#1714,#1715,
#1716,#1717,#1718,#1719,#1720));
#264=EDGE_LOOP('',(#1721));
#265=EDGE_LOOP('',(#1722));
#266=EDGE_LOOP('',(#1723));
#267=EDGE_LOOP('',(#1724));
#268=EDGE_LOOP('',(#1725,#1726,#1727,#1728));
#269=EDGE_LOOP('',(#1729,#1730,#1731,#1732));
#270=EDGE_LOOP('',(#1733,#1734,#1735,#1736));
#271=EDGE_LOOP('',(#1737,#1738,#1739,#1740));
#272=EDGE_LOOP('',(#1741,#1742,#1743,#1744));
#273=EDGE_LOOP('',(#1745));
#274=EDGE_LOOP('',(#1746));
#275=EDGE_LOOP('',(#1747,#1748,#1749,#1750));
#276=EDGE_LOOP('',(#1751));
#277=EDGE_LOOP('',(#1752));
#278=EDGE_LOOP('',(#1753,#1754,#1755,#1756));
#279=EDGE_LOOP('',(#1757));
#280=EDGE_LOOP('',(#1758));
#281=EDGE_LOOP('',(#1759,#1760,#1761,#1762));
#282=EDGE_LOOP('',(#1763));
#283=EDGE_LOOP('',(#1764));
#284=EDGE_LOOP('',(#1765,#1766,#1767,#1768));
#285=EDGE_LOOP('',(#1769,#1770,#1771,#1772,#1773,#1774,#1775,#1776,#1777,
#1778,#1779,#1780,#1781,#1782));
#286=EDGE_LOOP('',(#1783,#1784,#1785,#1786));
#287=EDGE_LOOP('',(#1787,#1788,#1789,#1790,#1791));
#288=EDGE_LOOP('',(#1792,#1793,#1794,#1795));
#289=EDGE_LOOP('',(#1796,#1797,#1798,#1799,#1800,#1801));
#290=EDGE_LOOP('',(#1802,#1803,#1804,#1805,#1806));
#291=EDGE_LOOP('',(#1807,#1808,#1809,#1810));
#292=EDGE_LOOP('',(#1811,#1812,#1813,#1814,#1815,#1816));
#293=EDGE_LOOP('',(#1817,#1818,#1819,#1820));
#294=EDGE_LOOP('',(#1821,#1822,#1823,#1824));
#295=EDGE_LOOP('',(#1825,#1826,#1827,#1828));
#296=EDGE_LOOP('',(#1829,#1830,#1831,#1832,#1833,#1834,#1835,#1836));
#297=EDGE_LOOP('',(#1837,#1838,#1839,#1840,#1841,#1842,#1843,#1844));
#298=EDGE_LOOP('',(#1845,#1846,#1847,#1848));
#299=EDGE_LOOP('',(#1849,#1850,#1851,#1852));
#300=EDGE_LOOP('',(#1853,#1854,#1855,#1856));
#301=EDGE_LOOP('',(#1857,#1858,#1859,#1860));
#302=EDGE_LOOP('',(#1861,#1862,#1863,#1864));
#303=EDGE_LOOP('',(#1865,#1866,#1867,#1868));
#304=EDGE_LOOP('',(#1869,#1870,#1871,#1872));
#305=EDGE_LOOP('',(#1873,#1874,#1875,#1876));
#306=EDGE_LOOP('',(#1877,#1878,#1879,#1880));
#307=EDGE_LOOP('',(#1881,#1882,#1883,#1884));
#308=EDGE_LOOP('',(#1885,#1886,#1887,#1888));
#309=EDGE_LOOP('',(#1889,#1890,#1891,#1892));
#310=EDGE_LOOP('',(#1893,#1894,#1895,#1896));
#311=EDGE_LOOP('',(#1897,#1898,#1899,#1900));
#312=EDGE_LOOP('',(#1901,#1902,#1903,#1904));
#313=CIRCLE('',#2075,1.);
#314=CIRCLE('',#2079,1.);
#315=CIRCLE('',#2083,1.);
#316=CIRCLE('',#2087,1.);
#317=CIRCLE('',#2091,1.);
#318=CIRCLE('',#2095,1.);
#319=CIRCLE('',#2099,1.);
#320=CIRCLE('',#2103,1.);
#321=CIRCLE('',#2106,1.);
#322=CIRCLE('',#2107,1.);
#323=CIRCLE('',#2111,1.);
#324=CIRCLE('',#2115,1.);
#325=CIRCLE('',#2118,1.);
#326=CIRCLE('',#2119,1.);
#327=CIRCLE('',#2123,1.);
#328=CIRCLE('',#2128,1.);
#329=CIRCLE('',#2130,0.5);
#330=CIRCLE('',#2131,0.5);
#331=CIRCLE('',#2134,0.5);
#332=CIRCLE('',#2135,0.5);
#333=CIRCLE('',#2138,0.5);
#334=CIRCLE('',#2139,0.5);
#335=CIRCLE('',#2142,0.5);
#336=CIRCLE('',#2143,0.5);
#337=CIRCLE('',#2146,3.7);
#338=CIRCLE('',#2147,0.5);
#339=CIRCLE('',#2148,3.2);
#340=CIRCLE('',#2149,3.2);
#341=CIRCLE('',#2151,1.);
#342=CIRCLE('',#2152,2.99998246247959);
#343=CIRCLE('',#2153,2.99981076038018);
#344=CIRCLE('',#2154,2.99998246247963);
#345=CIRCLE('',#2155,3.00000953341798);
#346=CIRCLE('',#2156,2.99999367556245);
#347=CIRCLE('',#2157,2.99999367556269);
#348=CIRCLE('',#2158,2.99999367556243);
#349=CIRCLE('',#2159,2.9999936755627);
#350=CIRCLE('',#2160,1.);
#351=CIRCLE('',#2161,2.);
#352=CIRCLE('',#2162,2.);
#353=CIRCLE('',#2163,3.7);
#354=CIRCLE('',#2164,3.7);
#355=CIRCLE('',#2165,0.5);
#356=CIRCLE('',#2166,0.5);
#357=CIRCLE('',#2167,0.5);
#358=CIRCLE('',#2168,0.5);
#359=CIRCLE('',#2169,3.7);
#360=CIRCLE('',#2171,3.2);
#361=CIRCLE('',#2173,0.5);
#362=CIRCLE('',#2174,3.2);
#363=CIRCLE('',#2175,3.2);
#364=CIRCLE('',#2177,3.2);
#365=CIRCLE('',#2179,0.5);
#366=CIRCLE('',#2180,3.2);
#367=CIRCLE('',#2181,3.2);
#368=CIRCLE('',#2183,3.2);
#369=CIRCLE('',#2185,0.5);
#370=CIRCLE('',#2186,3.2);
#371=CIRCLE('',#2187,3.2);
#372=CIRCLE('',#2189,3.2);
#373=CIRCLE('',#2191,1.);
#374=CIRCLE('',#2192,1.);
#375=CIRCLE('',#2195,1.);
#376=CIRCLE('',#2196,1.);
#377=CIRCLE('',#2198,0.5);
#378=CIRCLE('',#2201,0.5);
#379=CIRCLE('',#2204,0.5);
#380=CIRCLE('',#2207,0.5);
#381=CIRCLE('',#2209,1.);
#382=CIRCLE('',#2210,1.);
#383=CIRCLE('',#2212,1.);
#384=CIRCLE('',#2213,1.);
#385=CIRCLE('',#2216,1.);
#386=CIRCLE('',#2217,1.);
#387=CIRCLE('',#2220,1.);
#388=CIRCLE('',#2221,1.);
#389=CIRCLE('',#2224,1.);
#390=CIRCLE('',#2227,3.00000953341798);
#391=CIRCLE('',#2228,2.99998246247963);
#392=CIRCLE('',#2229,2.99981076038018);
#393=CIRCLE('',#2230,2.99998246247959);
#394=CIRCLE('',#2231,2.);
#395=CIRCLE('',#2232,2.);
#396=CIRCLE('',#2233,1.);
#397=CIRCLE('',#2234,2.9999936755627);
#398=CIRCLE('',#2235,2.99999367556243);
#399=CIRCLE('',#2236,2.99999367556269);
#400=CIRCLE('',#2237,2.99999367556245);
#401=CIRCLE('',#2238,1.7);
#402=CIRCLE('',#2239,1.7);
#403=CIRCLE('',#2240,1.7);
#404=CIRCLE('',#2241,1.7);
#405=CIRCLE('',#2248,1.7);
#406=CIRCLE('',#2251,1.7);
#407=CIRCLE('',#2254,1.7);
#408=CIRCLE('',#2257,1.7);
#409=LINE('',#2915,#601);
#410=LINE('',#2918,#602);
#411=LINE('',#2921,#603);
#412=LINE('',#2923,#604);
#413=LINE('',#2925,#605);
#414=LINE('',#2927,#606);
#415=LINE('',#2928,#607);
#416=LINE('',#2933,#608);
#417=LINE('',#2937,#609);
#418=LINE('',#2939,#610);
#419=LINE('',#2940,#611);
#420=LINE('',#2946,#612);
#421=LINE('',#2949,#613);
#422=LINE('',#2951,#614);
#423=LINE('',#2952,#615);
#424=LINE('',#2957,#616);
#425=LINE('',#2961,#617);
#426=LINE('',#2963,#618);
#427=LINE('',#2964,#619);
#428=LINE('',#2965,#620);
#429=LINE('',#2971,#621);
#430=LINE('',#2974,#622);
#431=LINE('',#2977,#623);
#432=LINE('',#2979,#624);
#433=LINE('',#2981,#625);
#434=LINE('',#2983,#626);
#435=LINE('',#2984,#627);
#436=LINE('',#2989,#628);
#437=LINE('',#2993,#629);
#438=LINE('',#2995,#630);
#439=LINE('',#2996,#631);
#440=LINE('',#3002,#632);
#441=LINE('',#3005,#633);
#442=LINE('',#3007,#634);
#443=LINE('',#3008,#635);
#444=LINE('',#3013,#636);
#445=LINE('',#3017,#637);
#446=LINE('',#3019,#638);
#447=LINE('',#3021,#639);
#448=LINE('',#3023,#640);
#449=LINE('',#3024,#641);
#450=LINE('',#3025,#642);
#451=LINE('',#3031,#643);
#452=LINE('',#3034,#644);
#453=LINE('',#3037,#645);
#454=LINE('',#3039,#646);
#455=LINE('',#3040,#647);
#456=LINE('',#3046,#648);
#457=LINE('',#3049,#649);
#458=LINE('',#3052,#650);
#459=LINE('',#3054,#651);
#460=LINE('',#3055,#652);
#461=LINE('',#3061,#653);
#462=LINE('',#3064,#654);
#463=LINE('',#3067,#655);
#464=LINE('',#3069,#656);
#465=LINE('',#3070,#657);
#466=LINE('',#3071,#658);
#467=LINE('',#3077,#659);
#468=LINE('',#3080,#660);
#469=LINE('',#3083,#661);
#470=LINE('',#3085,#662);
#471=LINE('',#3086,#663);
#472=LINE('',#3092,#664);
#473=LINE('',#3095,#665);
#474=LINE('',#3097,#666);
#475=LINE('',#3099,#667);
#476=LINE('',#3102,#668);
#477=LINE('',#3104,#669);
#478=LINE('',#3106,#670);
#479=LINE('',#3108,#671);
#480=LINE('',#3109,#672);
#481=LINE('',#3117,#673);
#482=LINE('',#3120,#674);
#483=LINE('',#3123,#675);
#484=LINE('',#3125,#676);
#485=LINE('',#3126,#677);
#486=LINE('',#3132,#678);
#487=LINE('',#3135,#679);
#488=LINE('',#3137,#680);
#489=LINE('',#3139,#681);
#490=LINE('',#3141,#682);
#491=LINE('',#3142,#683);
#492=LINE('',#3143,#684);
#493=LINE('',#3149,#685);
#494=LINE('',#3152,#686);
#495=LINE('',#3154,#687);
#496=LINE('',#3155,#688);
#497=LINE('',#3160,#689);
#498=LINE('',#3163,#690);
#499=LINE('',#3177,#691);
#500=LINE('',#3181,#692);
#501=LINE('',#3184,#693);
#502=LINE('',#3186,#694);
#503=LINE('',#3190,#695);
#504=LINE('',#3193,#696);
#505=LINE('',#3197,#697);
#506=LINE('',#3200,#698);
#507=LINE('',#3202,#699);
#508=LINE('',#3206,#700);
#509=LINE('',#3210,#701);
#510=LINE('',#3214,#702);
#511=LINE('',#3218,#703);
#512=LINE('',#3221,#704);
#513=LINE('',#3228,#705);
#514=LINE('',#3232,#706);
#515=LINE('',#3236,#707);
#516=LINE('',#3240,#708);
#517=LINE('',#3246,#709);
#518=LINE('',#3256,#710);
#519=LINE('',#3266,#711);
#520=LINE('',#3276,#712);
#521=LINE('',#3283,#713);
#522=LINE('',#3286,#714);
#523=LINE('',#3289,#715);
#524=LINE('',#3290,#716);
#525=LINE('',#3292,#717);
#526=LINE('',#3293,#718);
#527=LINE('',#3299,#719);
#528=LINE('',#3302,#720);
#529=LINE('',#3305,#721);
#530=LINE('',#3309,#722);
#531=LINE('',#3310,#723);
#532=LINE('',#3314,#724);
#533=LINE('',#3317,#725);
#534=LINE('',#3318,#726);
#535=LINE('',#3322,#727);
#536=LINE('',#3325,#728);
#537=LINE('',#3326,#729);
#538=LINE('',#3327,#730);
#539=LINE('',#3334,#731);
#540=LINE('',#3341,#732);
#541=LINE('',#3344,#733);
#542=LINE('',#3346,#734);
#543=LINE('',#3347,#735);
#544=LINE('',#3352,#736);
#545=LINE('',#3356,#737);
#546=LINE('',#3358,#738);
#547=LINE('',#3359,#739);
#548=LINE('',#3365,#740);
#549=LINE('',#3367,#741);
#550=LINE('',#3368,#742);
#551=LINE('',#3373,#743);
#552=LINE('',#3374,#744);
#553=LINE('',#3377,#745);
#554=LINE('',#3378,#746);
#555=LINE('',#3380,#747);
#556=LINE('',#3384,#748);
#557=LINE('',#3388,#749);
#558=LINE('',#3389,#750);
#559=LINE('',#3390,#751);
#560=LINE('',#3392,#752);
#561=LINE('',#3396,#753);
#562=LINE('',#3399,#754);
#563=LINE('',#3403,#755);
#564=LINE('',#3407,#756);
#565=LINE('',#3411,#757);
#566=LINE('',#3415,#758);
#567=LINE('',#3418,#759);
#568=LINE('',#3419,#760);
#569=LINE('',#3421,#761);
#570=LINE('',#3425,#762);
#571=LINE('',#3428,#763);
#572=LINE('',#3438,#764);
#573=LINE('',#3439,#765);
#574=LINE('',#3441,#766);
#575=LINE('',#3443,#767);
#576=LINE('',#3444,#768);
#577=LINE('',#3446,#769);
#578=LINE('',#3452,#770);
#579=LINE('',#3457,#771);
#580=LINE('',#3462,#772);
#581=LINE('',#3467,#773);
#582=LINE('',#3472,#774);
#583=LINE('',#3473,#775);
#584=LINE('',#3475,#776);
#585=LINE('',#3477,#777);
#586=LINE('',#3479,#778);
#587=LINE('',#3480,#779);
#588=LINE('',#3483,#780);
#589=LINE('',#3486,#781);
#590=LINE('',#3491,#782);
#591=LINE('',#3493,#783);
#592=LINE('',#3495,#784);
#593=LINE('',#3497,#785);
#594=LINE('',#3499,#786);
#595=LINE('',#3502,#787);
#596=LINE('',#3504,#788);
#597=LINE('',#3507,#789);
#598=LINE('',#3509,#790);
#599=LINE('',#3511,#791);
#600=LINE('',#3514,#792);
#601=VECTOR('',#2293,10.);
#602=VECTOR('',#2296,10.);
#603=VECTOR('',#2299,10.);
#604=VECTOR('',#2300,10.);
#605=VECTOR('',#2301,10.);
#606=VECTOR('',#2302,10.);
#607=VECTOR('',#2303,10.);
#608=VECTOR('',#2308,10.);
#609=VECTOR('',#2313,10.);
#610=VECTOR('',#2314,10.);
#611=VECTOR('',#2315,10.);
#612=VECTOR('',#2320,10.);
#613=VECTOR('',#2323,10.);
#614=VECTOR('',#2326,10.);
#615=VECTOR('',#2327,10.);
#616=VECTOR('',#2332,10.);
#617=VECTOR('',#2337,10.);
#618=VECTOR('',#2338,10.);
#619=VECTOR('',#2339,10.);
#620=VECTOR('',#2340,10.);
#621=VECTOR('',#2345,10.);
#622=VECTOR('',#2348,10.);
#623=VECTOR('',#2351,10.);
#624=VECTOR('',#2352,10.);
#625=VECTOR('',#2353,10.);
#626=VECTOR('',#2354,10.);
#627=VECTOR('',#2355,10.);
#628=VECTOR('',#2360,10.);
#629=VECTOR('',#2365,10.);
#630=VECTOR('',#2366,10.);
#631=VECTOR('',#2367,10.);
#632=VECTOR('',#2372,10.);
#633=VECTOR('',#2375,10.);
#634=VECTOR('',#2378,10.);
#635=VECTOR('',#2379,10.);
#636=VECTOR('',#2384,10.);
#637=VECTOR('',#2389,10.);
#638=VECTOR('',#2390,10.);
#639=VECTOR('',#2391,10.);
#640=VECTOR('',#2392,10.);
#641=VECTOR('',#2393,10.);
#642=VECTOR('',#2394,10.);
#643=VECTOR('',#2399,10.);
#644=VECTOR('',#2402,10.);
#645=VECTOR('',#2405,10.);
#646=VECTOR('',#2406,10.);
#647=VECTOR('',#2407,10.);
#648=VECTOR('',#2412,10.);
#649=VECTOR('',#2415,10.);
#650=VECTOR('',#2418,10.);
#651=VECTOR('',#2419,10.);
#652=VECTOR('',#2420,10.);
#653=VECTOR('',#2425,10.);
#654=VECTOR('',#2428,10.);
#655=VECTOR('',#2431,10.);
#656=VECTOR('',#2432,10.);
#657=VECTOR('',#2433,10.);
#658=VECTOR('',#2434,10.);
#659=VECTOR('',#2439,10.);
#660=VECTOR('',#2442,10.);
#661=VECTOR('',#2445,10.);
#662=VECTOR('',#2446,10.);
#663=VECTOR('',#2447,10.);
#664=VECTOR('',#2452,10.);
#665=VECTOR('',#2455,10.);
#666=VECTOR('',#2458,10.);
#667=VECTOR('',#2459,10.);
#668=VECTOR('',#2464,10.);
#669=VECTOR('',#2465,10.);
#670=VECTOR('',#2466,10.);
#671=VECTOR('',#2467,10.);
#672=VECTOR('',#2468,10.);
#673=VECTOR('',#2477,10.);
#674=VECTOR('',#2480,10.);
#675=VECTOR('',#2483,10.);
#676=VECTOR('',#2484,10.);
#677=VECTOR('',#2485,10.);
#678=VECTOR('',#2490,10.);
#679=VECTOR('',#2493,10.);
#680=VECTOR('',#2496,10.);
#681=VECTOR('',#2497,10.);
#682=VECTOR('',#2498,10.);
#683=VECTOR('',#2499,10.);
#684=VECTOR('',#2500,10.);
#685=VECTOR('',#2505,10.);
#686=VECTOR('',#2508,10.);
#687=VECTOR('',#2511,10.);
#688=VECTOR('',#2512,10.);
#689=VECTOR('',#2517,10.);
#690=VECTOR('',#2522,10.);
#691=VECTOR('',#2537,10.);
#692=VECTOR('',#2540,10.);
#693=VECTOR('',#2543,10.);
#694=VECTOR('',#2544,10.);
#695=VECTOR('',#2547,10.);
#696=VECTOR('',#2550,10.);
#697=VECTOR('',#2553,10.);
#698=VECTOR('',#2556,10.);
#699=VECTOR('',#2557,10.);
#700=VECTOR('',#2560,10.);
#701=VECTOR('',#2563,10.);
#702=VECTOR('',#2566,10.);
#703=VECTOR('',#2569,10.);
#704=VECTOR('',#2572,10.);
#705=VECTOR('',#2577,10.);
#706=VECTOR('',#2580,10.);
#707=VECTOR('',#2583,10.);
#708=VECTOR('',#2586,10.);
#709=VECTOR('',#2593,3.2);
#710=VECTOR('',#2606,3.2);
#711=VECTOR('',#2619,3.2);
#712=VECTOR('',#2632,3.2);
#713=VECTOR('',#2639,10.);
#714=VECTOR('',#2642,10.);
#715=VECTOR('',#2645,10.);
#716=VECTOR('',#2646,10.);
#717=VECTOR('',#2647,10.);
#718=VECTOR('',#2648,10.);
#719=VECTOR('',#2653,10.);
#720=VECTOR('',#2656,10.);
#721=VECTOR('',#2659,10.);
#722=VECTOR('',#2664,10.);
#723=VECTOR('',#2665,10.);
#724=VECTOR('',#2670,10.);
#725=VECTOR('',#2673,10.);
#726=VECTOR('',#2674,10.);
#727=VECTOR('',#2679,10.);
#728=VECTOR('',#2682,10.);
#729=VECTOR('',#2683,10.);
#730=VECTOR('',#2684,10.);
#731=VECTOR('',#2693,10.);
#732=VECTOR('',#2700,10.);
#733=VECTOR('',#2703,10.);
#734=VECTOR('',#2706,10.);
#735=VECTOR('',#2707,10.);
#736=VECTOR('',#2712,10.);
#737=VECTOR('',#2717,10.);
#738=VECTOR('',#2718,10.);
#739=VECTOR('',#2719,10.);
#740=VECTOR('',#2726,10.);
#741=VECTOR('',#2729,10.);
#742=VECTOR('',#2730,10.);
#743=VECTOR('',#2735,10.);
#744=VECTOR('',#2736,10.);
#745=VECTOR('',#2739,10.);
#746=VECTOR('',#2740,10.);
#747=VECTOR('',#2743,10.);
#748=VECTOR('',#2746,10.);
#749=VECTOR('',#2749,10.);
#750=VECTOR('',#2750,10.);
#751=VECTOR('',#2751,10.);
#752=VECTOR('',#2752,10.);
#753=VECTOR('',#2755,10.);
#754=VECTOR('',#2758,10.);
#755=VECTOR('',#2761,10.);
#756=VECTOR('',#2764,10.);
#757=VECTOR('',#2767,10.);
#758=VECTOR('',#2770,10.);
#759=VECTOR('',#2773,10.);
#760=VECTOR('',#2774,10.);
#761=VECTOR('',#2775,10.);
#762=VECTOR('',#2778,10.);
#763=VECTOR('',#2781,10.);
#764=VECTOR('',#2792,10.);
#765=VECTOR('',#2793,10.);
#766=VECTOR('',#2796,10.);
#767=VECTOR('',#2799,10.);
#768=VECTOR('',#2800,10.);
#769=VECTOR('',#2803,10.);
#770=VECTOR('',#2812,1.7);
#771=VECTOR('',#2819,1.7);
#772=VECTOR('',#2826,1.7);
#773=VECTOR('',#2833,1.7);
#774=VECTOR('',#2840,10.);
#775=VECTOR('',#2841,10.);
#776=VECTOR('',#2844,10.);
#777=VECTOR('',#2847,10.);
#778=VECTOR('',#2850,10.);
#779=VECTOR('',#2851,10.);
#780=VECTOR('',#2856,10.);
#781=VECTOR('',#2861,10.);
#782=VECTOR('',#2870,10.);
#783=VECTOR('',#2873,10.);
#784=VECTOR('',#2876,10.);
#785=VECTOR('',#2879,10.);
#786=VECTOR('',#2882,10.);
#787=VECTOR('',#2887,10.);
#788=VECTOR('',#2890,10.);
#789=VECTOR('',#2895,10.);
#790=VECTOR('',#2898,10.);
#791=VECTOR('',#2901,10.);
#792=VECTOR('',#2906,10.);
#793=ELLIPSE('',#2074,1.11134065581189,1.);
#794=ELLIPSE('',#2078,1.11134065581189,1.);
#795=ELLIPSE('',#2082,1.11134065581189,1.);
#796=ELLIPSE('',#2086,1.1113406558119,1.);
#797=ELLIPSE('',#2090,1.11134065581189,1.);
#798=ELLIPSE('',#2094,1.11134065581189,1.);
#799=ELLIPSE('',#2098,1.11134065581189,1.);
#800=ELLIPSE('',#2102,1.11134065581189,1.);
#801=ELLIPSE('',#2110,1.11134065581189,1.);
#802=ELLIPSE('',#2114,1.11134065581189,1.);
#803=ELLIPSE('',#2122,1.11134065581189,1.);
#804=ELLIPSE('',#2125,1.11134065581189,1.);
#805=VERTEX_POINT('',#2911);
#806=VERTEX_POINT('',#2912);
#807=VERTEX_POINT('',#2914);
#808=VERTEX_POINT('',#2916);
#809=VERTEX_POINT('',#2920);
#810=VERTEX_POINT('',#2922);
#811=VERTEX_POINT('',#2924);
#812=VERTEX_POINT('',#2926);
#813=VERTEX_POINT('',#2930);
#814=VERTEX_POINT('',#2932);
#815=VERTEX_POINT('',#2936);
#816=VERTEX_POINT('',#2938);
#817=VERTEX_POINT('',#2942);
#818=VERTEX_POINT('',#2943);
#819=VERTEX_POINT('',#2945);
#820=VERTEX_POINT('',#2947);
#821=VERTEX_POINT('',#2954);
#822=VERTEX_POINT('',#2956);
#823=VERTEX_POINT('',#2960);
#824=VERTEX_POINT('',#2962);
#825=VERTEX_POINT('',#2967);
#826=VERTEX_POINT('',#2968);
#827=VERTEX_POINT('',#2970);
#828=VERTEX_POINT('',#2972);
#829=VERTEX_POINT('',#2976);
#830=VERTEX_POINT('',#2978);
#831=VERTEX_POINT('',#2980);
#832=VERTEX_POINT('',#2982);
#833=VERTEX_POINT('',#2986);
#834=VERTEX_POINT('',#2988);
#835=VERTEX_POINT('',#2992);
#836=VERTEX_POINT('',#2994);
#837=VERTEX_POINT('',#2998);
#838=VERTEX_POINT('',#2999);
#839=VERTEX_POINT('',#3001);
#840=VERTEX_POINT('',#3003);
#841=VERTEX_POINT('',#3010);
#842=VERTEX_POINT('',#3012);
#843=VERTEX_POINT('',#3016);
#844=VERTEX_POINT('',#3018);
#845=VERTEX_POINT('',#3020);
#846=VERTEX_POINT('',#3022);
#847=VERTEX_POINT('',#3027);
#848=VERTEX_POINT('',#3028);
#849=VERTEX_POINT('',#3030);
#850=VERTEX_POINT('',#3032);
#851=VERTEX_POINT('',#3036);
#852=VERTEX_POINT('',#3038);
#853=VERTEX_POINT('',#3042);
#854=VERTEX_POINT('',#3043);
#855=VERTEX_POINT('',#3045);
#856=VERTEX_POINT('',#3047);
#857=VERTEX_POINT('',#3051);
#858=VERTEX_POINT('',#3053);
#859=VERTEX_POINT('',#3057);
#860=VERTEX_POINT('',#3058);
#861=VERTEX_POINT('',#3060);
#862=VERTEX_POINT('',#3062);
#863=VERTEX_POINT('',#3066);
#864=VERTEX_POINT('',#3068);
#865=VERTEX_POINT('',#3073);
#866=VERTEX_POINT('',#3074);
#867=VERTEX_POINT('',#3076);
#868=VERTEX_POINT('',#3078);
#869=VERTEX_POINT('',#3082);
#870=VERTEX_POINT('',#3084);
#871=VERTEX_POINT('',#3088);
#872=VERTEX_POINT('',#3089);
#873=VERTEX_POINT('',#3091);
#874=VERTEX_POINT('',#3093);
#875=VERTEX_POINT('',#3098);
#876=VERTEX_POINT('',#3103);
#877=VERTEX_POINT('',#3105);
#878=VERTEX_POINT('',#3107);
#879=VERTEX_POINT('',#3113);
#880=VERTEX_POINT('',#3114);
#881=VERTEX_POINT('',#3116);
#882=VERTEX_POINT('',#3118);
#883=VERTEX_POINT('',#3122);
#884=VERTEX_POINT('',#3124);
#885=VERTEX_POINT('',#3128);
#886=VERTEX_POINT('',#3129);
#887=VERTEX_POINT('',#3131);
#888=VERTEX_POINT('',#3133);
#889=VERTEX_POINT('',#3138);
#890=VERTEX_POINT('',#3140);
#891=VERTEX_POINT('',#3145);
#892=VERTEX_POINT('',#3146);
#893=VERTEX_POINT('',#3148);
#894=VERTEX_POINT('',#3150);
#895=VERTEX_POINT('',#3157);
#896=VERTEX_POINT('',#3159);
#897=VERTEX_POINT('',#3165);
#898=VERTEX_POINT('',#3167);
#899=VERTEX_POINT('',#3169);
#900=VERTEX_POINT('',#3173);
#901=VERTEX_POINT('',#3174);
#902=VERTEX_POINT('',#3176);
#903=VERTEX_POINT('',#3178);
#904=VERTEX_POINT('',#3180);
#905=VERTEX_POINT('',#3182);
#906=VERTEX_POINT('',#3185);
#907=VERTEX_POINT('',#3187);
#908=VERTEX_POINT('',#3189);
#909=VERTEX_POINT('',#3192);
#910=VERTEX_POINT('',#3194);
#911=VERTEX_POINT('',#3196);
#912=VERTEX_POINT('',#3198);
#913=VERTEX_POINT('',#3201);
#914=VERTEX_POINT('',#3203);
#915=VERTEX_POINT('',#3205);
#916=VERTEX_POINT('',#3207);
#917=VERTEX_POINT('',#3209);
#918=VERTEX_POINT('',#3211);
#919=VERTEX_POINT('',#3213);
#920=VERTEX_POINT('',#3215);
#921=VERTEX_POINT('',#3217);
#922=VERTEX_POINT('',#3219);
#923=VERTEX_POINT('',#3222);
#924=VERTEX_POINT('',#3224);
#925=VERTEX_POINT('',#3226);
#926=VERTEX_POINT('',#3227);
#927=VERTEX_POINT('',#3229);
#928=VERTEX_POINT('',#3231);
#929=VERTEX_POINT('',#3233);
#930=VERTEX_POINT('',#3235);
#931=VERTEX_POINT('',#3237);
#932=VERTEX_POINT('',#3239);
#933=VERTEX_POINT('',#3242);
#934=VERTEX_POINT('',#3245);
#935=VERTEX_POINT('',#3249);
#936=VERTEX_POINT('',#3251);
#937=VERTEX_POINT('',#3255);
#938=VERTEX_POINT('',#3259);
#939=VERTEX_POINT('',#3261);
#940=VERTEX_POINT('',#3265);
#941=VERTEX_POINT('',#3269);
#942=VERTEX_POINT('',#3271);
#943=VERTEX_POINT('',#3275);
#944=VERTEX_POINT('',#3279);
#945=VERTEX_POINT('',#3280);
#946=VERTEX_POINT('',#3282);
#947=VERTEX_POINT('',#3284);
#948=VERTEX_POINT('',#3288);
#949=VERTEX_POINT('',#3291);
#950=VERTEX_POINT('',#3295);
#951=VERTEX_POINT('',#3296);
#952=VERTEX_POINT('',#3298);
#953=VERTEX_POINT('',#3300);
#954=VERTEX_POINT('',#3304);
#955=VERTEX_POINT('',#3308);
#956=VERTEX_POINT('',#3312);
#957=VERTEX_POINT('',#3316);
#958=VERTEX_POINT('',#3320);
#959=VERTEX_POINT('',#3324);
#960=VERTEX_POINT('',#3331);
#961=VERTEX_POINT('',#3333);
#962=VERTEX_POINT('',#3337);
#963=VERTEX_POINT('',#3338);
#964=VERTEX_POINT('',#3340);
#965=VERTEX_POINT('',#3342);
#966=VERTEX_POINT('',#3349);
#967=VERTEX_POINT('',#3351);
#968=VERTEX_POINT('',#3355);
#969=VERTEX_POINT('',#3357);
#970=VERTEX_POINT('',#3361);
#971=VERTEX_POINT('',#3363);
#972=VERTEX_POINT('',#3370);
#973=VERTEX_POINT('',#3371);
#974=VERTEX_POINT('',#3376);
#975=VERTEX_POINT('',#3381);
#976=VERTEX_POINT('',#3383);
#977=VERTEX_POINT('',#3385);
#978=VERTEX_POINT('',#3387);
#979=VERTEX_POINT('',#3391);
#980=VERTEX_POINT('',#3393);
#981=VERTEX_POINT('',#3395);
#982=VERTEX_POINT('',#3398);
#983=VERTEX_POINT('',#3400);
#984=VERTEX_POINT('',#3402);
#985=VERTEX_POINT('',#3404);
#986=VERTEX_POINT('',#3406);
#987=VERTEX_POINT('',#3408);
#988=VERTEX_POINT('',#3410);
#989=VERTEX_POINT('',#3412);
#990=VERTEX_POINT('',#3414);
#991=VERTEX_POINT('',#3416);
#992=VERTEX_POINT('',#3420);
#993=VERTEX_POINT('',#3422);
#994=VERTEX_POINT('',#3424);
#995=VERTEX_POINT('',#3426);
#996=VERTEX_POINT('',#3429);
#997=VERTEX_POINT('',#3431);
#998=VERTEX_POINT('',#3433);
#999=VERTEX_POINT('',#3435);
#1000=VERTEX_POINT('',#3449);
#1001=VERTEX_POINT('',#3454);
#1002=VERTEX_POINT('',#3459);
#1003=VERTEX_POINT('',#3464);
#1004=VERTEX_POINT('',#3471);
#1005=EDGE_CURVE('',#805,#806,#793,.T.);
#1006=EDGE_CURVE('',#806,#807,#409,.T.);
#1007=EDGE_CURVE('',#807,#808,#313,.T.);
#1008=EDGE_CURVE('',#808,#805,#410,.T.);
#1009=EDGE_CURVE('',#809,#806,#411,.T.);
#1010=EDGE_CURVE('',#810,#809,#412,.T.);
#1011=EDGE_CURVE('',#811,#810,#413,.T.);
#1012=EDGE_CURVE('',#812,#811,#414,.T.);
#1013=EDGE_CURVE('',#807,#812,#415,.T.);
#1014=EDGE_CURVE('',#813,#809,#794,.T.);
#1015=EDGE_CURVE('',#813,#814,#416,.T.);
#1016=EDGE_CURVE('',#814,#810,#314,.T.);
#1017=EDGE_CURVE('',#815,#813,#417,.T.);
#1018=EDGE_CURVE('',#816,#815,#418,.T.);
#1019=EDGE_CURVE('',#814,#816,#419,.T.);
#1020=EDGE_CURVE('',#817,#818,#795,.T.);
#1021=EDGE_CURVE('',#818,#819,#420,.T.);
#1022=EDGE_CURVE('',#819,#820,#315,.T.);
#1023=EDGE_CURVE('',#820,#817,#421,.T.);
#1024=EDGE_CURVE('',#819,#808,#422,.T.);
#1025=EDGE_CURVE('',#818,#805,#423,.T.);
#1026=EDGE_CURVE('',#821,#815,#796,.T.);
#1027=EDGE_CURVE('',#821,#822,#424,.T.);
#1028=EDGE_CURVE('',#822,#816,#316,.T.);
#1029=EDGE_CURVE('',#823,#820,#425,.T.);
#1030=EDGE_CURVE('',#824,#823,#426,.T.);
#1031=EDGE_CURVE('',#822,#824,#427,.T.);
#1032=EDGE_CURVE('',#817,#821,#428,.T.);
#1033=EDGE_CURVE('',#825,#826,#797,.T.);
#1034=EDGE_CURVE('',#826,#827,#429,.T.);
#1035=EDGE_CURVE('',#827,#828,#317,.T.);
#1036=EDGE_CURVE('',#828,#825,#430,.T.);
#1037=EDGE_CURVE('',#829,#826,#431,.T.);
#1038=EDGE_CURVE('',#830,#829,#432,.T.);
#1039=EDGE_CURVE('',#831,#830,#433,.T.);
#1040=EDGE_CURVE('',#832,#831,#434,.T.);
#1041=EDGE_CURVE('',#827,#832,#435,.T.);
#1042=EDGE_CURVE('',#833,#829,#798,.T.);
#1043=EDGE_CURVE('',#833,#834,#436,.T.);
#1044=EDGE_CURVE('',#834,#830,#318,.T.);
#1045=EDGE_CURVE('',#835,#833,#437,.T.);
#1046=EDGE_CURVE('',#836,#835,#438,.T.);
#1047=EDGE_CURVE('',#834,#836,#439,.T.);
#1048=EDGE_CURVE('',#837,#838,#799,.T.);
#1049=EDGE_CURVE('',#838,#839,#440,.T.);
#1050=EDGE_CURVE('',#839,#840,#319,.T.);
#1051=EDGE_CURVE('',#840,#837,#441,.T.);
#1052=EDGE_CURVE('',#839,#828,#442,.T.);
#1053=EDGE_CURVE('',#838,#825,#443,.T.);
#1054=EDGE_CURVE('',#841,#835,#800,.T.);
#1055=EDGE_CURVE('',#841,#842,#444,.T.);
#1056=EDGE_CURVE('',#842,#836,#320,.T.);
#1057=EDGE_CURVE('',#843,#840,#445,.T.);
#1058=EDGE_CURVE('',#844,#843,#446,.T.);
#1059=EDGE_CURVE('',#844,#845,#447,.T.);
#1060=EDGE_CURVE('',#845,#846,#448,.T.);
#1061=EDGE_CURVE('',#842,#846,#449,.T.);
#1062=EDGE_CURVE('',#837,#841,#450,.T.);
#1063=EDGE_CURVE('',#847,#848,#321,.T.);
#1064=EDGE_CURVE('',#847,#849,#451,.T.);
#1065=EDGE_CURVE('',#849,#850,#322,.T.);
#1066=EDGE_CURVE('',#850,#848,#452,.T.);
#1067=EDGE_CURVE('',#851,#847,#453,.T.);
#1068=EDGE_CURVE('',#852,#851,#454,.T.);
#1069=EDGE_CURVE('',#849,#852,#455,.T.);
#1070=EDGE_CURVE('',#853,#854,#801,.T.);
#1071=EDGE_CURVE('',#854,#855,#456,.T.);
#1072=EDGE_CURVE('',#855,#856,#323,.T.);
#1073=EDGE_CURVE('',#856,#853,#457,.T.);
#1074=EDGE_CURVE('',#854,#857,#458,.T.);
#1075=EDGE_CURVE('',#858,#857,#459,.T.);
#1076=EDGE_CURVE('',#855,#858,#460,.T.);
#1077=EDGE_CURVE('',#859,#860,#802,.T.);
#1078=EDGE_CURVE('',#859,#861,#461,.T.);
#1079=EDGE_CURVE('',#861,#862,#324,.T.);
#1080=EDGE_CURVE('',#862,#860,#462,.T.);
#1081=EDGE_CURVE('',#863,#856,#463,.T.);
#1082=EDGE_CURVE('',#864,#863,#464,.T.);
#1083=EDGE_CURVE('',#861,#864,#465,.T.);
#1084=EDGE_CURVE('',#853,#859,#466,.T.);
#1085=EDGE_CURVE('',#865,#866,#325,.T.);
#1086=EDGE_CURVE('',#865,#867,#467,.T.);
#1087=EDGE_CURVE('',#867,#868,#326,.T.);
#1088=EDGE_CURVE('',#868,#866,#468,.T.);
#1089=EDGE_CURVE('',#865,#869,#469,.T.);
#1090=EDGE_CURVE('',#870,#869,#470,.T.);
#1091=EDGE_CURVE('',#867,#870,#471,.T.);
#1092=EDGE_CURVE('',#871,#872,#803,.T.);
#1093=EDGE_CURVE('',#871,#873,#472,.T.);
#1094=EDGE_CURVE('',#873,#874,#327,.T.);
#1095=EDGE_CURVE('',#874,#872,#473,.T.);
#1096=EDGE_CURVE('',#860,#871,#474,.T.);
#1097=EDGE_CURVE('',#872,#875,#475,.T.);
#1098=EDGE_CURVE('',#857,#875,#804,.T.);
#1099=EDGE_CURVE('',#870,#874,#476,.T.);
#1100=EDGE_CURVE('',#869,#876,#477,.T.);
#1101=EDGE_CURVE('',#877,#876,#478,.T.);
#1102=EDGE_CURVE('',#878,#877,#479,.T.);
#1103=EDGE_CURVE('',#875,#878,#480,.T.);
#1104=EDGE_CURVE('',#878,#858,#328,.T.);
#1105=EDGE_CURVE('',#879,#880,#329,.T.);
#1106=EDGE_CURVE('',#880,#881,#481,.T.);
#1107=EDGE_CURVE('',#881,#882,#330,.F.);
#1108=EDGE_CURVE('',#882,#879,#482,.T.);
#1109=EDGE_CURVE('',#882,#883,#483,.T.);
#1110=EDGE_CURVE('',#884,#883,#484,.T.);
#1111=EDGE_CURVE('',#879,#884,#485,.T.);
#1112=EDGE_CURVE('',#885,#886,#331,.T.);
#1113=EDGE_CURVE('',#886,#887,#486,.T.);
#1114=EDGE_CURVE('',#887,#888,#332,.F.);
#1115=EDGE_CURVE('',#888,#885,#487,.T.);
#1116=EDGE_CURVE('',#880,#824,#488,.T.);
#1117=EDGE_CURVE('',#823,#889,#489,.T.);
#1118=EDGE_CURVE('',#890,#889,#490,.T.);
#1119=EDGE_CURVE('',#890,#885,#491,.T.);
#1120=EDGE_CURVE('',#888,#881,#492,.T.);
#1121=EDGE_CURVE('',#891,#892,#333,.T.);
#1122=EDGE_CURVE('',#891,#893,#493,.T.);
#1123=EDGE_CURVE('',#893,#894,#334,.T.);
#1124=EDGE_CURVE('',#894,#892,#494,.T.);
#1125=EDGE_CURVE('',#893,#886,#495,.T.);
#1126=EDGE_CURVE('',#887,#891,#496,.T.);
#1127=EDGE_CURVE('',#895,#883,#335,.T.);
#1128=EDGE_CURVE('',#895,#896,#497,.T.);
#1129=EDGE_CURVE('',#896,#884,#336,.T.);
#1130=EDGE_CURVE('',#892,#895,#498,.T.);
#1131=EDGE_CURVE('',#897,#897,#337,.T.);
#1132=EDGE_CURVE('',#897,#898,#338,.T.);
#1133=EDGE_CURVE('',#898,#899,#339,.T.);
#1134=EDGE_CURVE('',#899,#898,#340,.T.);
#1135=EDGE_CURVE('',#900,#901,#341,.T.);
#1136=EDGE_CURVE('',#902,#900,#499,.T.);
#1137=EDGE_CURVE('',#903,#902,#342,.T.);
#1138=EDGE_CURVE('',#904,#903,#500,.T.);
#1139=EDGE_CURVE('',#905,#904,#343,.T.);
#1140=EDGE_CURVE('',#863,#905,#501,.T.);
#1141=EDGE_CURVE('',#906,#877,#502,.T.);
#1142=EDGE_CURVE('',#907,#906,#344,.T.);
#1143=EDGE_CURVE('',#908,#907,#503,.T.);
#1144=EDGE_CURVE('',#889,#908,#345,.T.);
#1145=EDGE_CURVE('',#909,#812,#504,.T.);
#1146=EDGE_CURVE('',#910,#909,#346,.T.);
#1147=EDGE_CURVE('',#911,#910,#505,.T.);
#1148=EDGE_CURVE('',#912,#911,#347,.T.);
#1149=EDGE_CURVE('',#843,#912,#506,.T.);
#1150=EDGE_CURVE('',#913,#832,#507,.T.);
#1151=EDGE_CURVE('',#914,#913,#348,.T.);
#1152=EDGE_CURVE('',#915,#914,#508,.T.);
#1153=EDGE_CURVE('',#916,#915,#349,.T.);
#1154=EDGE_CURVE('',#917,#916,#509,.T.);
#1155=EDGE_CURVE('',#918,#917,#350,.T.);
#1156=EDGE_CURVE('',#918,#919,#510,.T.);
#1157=EDGE_CURVE('',#920,#919,#351,.T.);
#1158=EDGE_CURVE('',#920,#921,#511,.T.);
#1159=EDGE_CURVE('',#922,#921,#352,.T.);
#1160=EDGE_CURVE('',#922,#901,#512,.T.);
#1161=EDGE_CURVE('',#923,#923,#353,.T.);
#1162=EDGE_CURVE('',#924,#924,#354,.T.);
#1163=EDGE_CURVE('',#925,#926,#513,.T.);
#1164=EDGE_CURVE('',#927,#926,#355,.T.);
#1165=EDGE_CURVE('',#927,#928,#514,.T.);
#1166=EDGE_CURVE('',#929,#928,#356,.T.);
#1167=EDGE_CURVE('',#929,#930,#515,.T.);
#1168=EDGE_CURVE('',#931,#930,#357,.T.);
#1169=EDGE_CURVE('',#931,#932,#516,.T.);
#1170=EDGE_CURVE('',#925,#932,#358,.T.);
#1171=EDGE_CURVE('',#933,#933,#359,.T.);
#1172=EDGE_CURVE('',#899,#934,#517,.T.);
#1173=EDGE_CURVE('',#934,#934,#360,.T.);
#1174=EDGE_CURVE('',#923,#935,#361,.T.);
#1175=EDGE_CURVE('',#935,#936,#362,.T.);
#1176=EDGE_CURVE('',#936,#935,#363,.T.);
#1177=EDGE_CURVE('',#936,#937,#518,.T.);
#1178=EDGE_CURVE('',#937,#937,#364,.T.);
#1179=EDGE_CURVE('',#933,#938,#365,.T.);
#1180=EDGE_CURVE('',#938,#939,#366,.T.);
#1181=EDGE_CURVE('',#939,#938,#367,.T.);
#1182=EDGE_CURVE('',#939,#940,#519,.T.);
#1183=EDGE_CURVE('',#940,#940,#368,.T.);
#1184=EDGE_CURVE('',#924,#941,#369,.T.);
#1185=EDGE_CURVE('',#941,#942,#370,.T.);
#1186=EDGE_CURVE('',#942,#941,#371,.T.);
#1187=EDGE_CURVE('',#942,#943,#520,.T.);
#1188=EDGE_CURVE('',#943,#943,#372,.T.);
#1189=EDGE_CURVE('',#944,#945,#373,.T.);
#1190=EDGE_CURVE('',#945,#946,#521,.T.);
#1191=EDGE_CURVE('',#947,#946,#374,.T.);
#1192=EDGE_CURVE('',#947,#944,#522,.T.);
#1193=EDGE_CURVE('',#948,#947,#523,.T.);
#1194=EDGE_CURVE('',#928,#948,#524,.T.);
#1195=EDGE_CURVE('',#949,#927,#525,.T.);
#1196=EDGE_CURVE('',#944,#949,#526,.T.);
#1197=EDGE_CURVE('',#950,#951,#375,.F.);
#1198=EDGE_CURVE('',#951,#952,#527,.T.);
#1199=EDGE_CURVE('',#952,#953,#376,.T.);
#1200=EDGE_CURVE('',#953,#950,#528,.T.);
#1201=EDGE_CURVE('',#926,#954,#529,.T.);
#1202=EDGE_CURVE('',#954,#949,#377,.T.);
#1203=EDGE_CURVE('',#955,#925,#530,.T.);
#1204=EDGE_CURVE('',#954,#955,#531,.T.);
#1205=EDGE_CURVE('',#948,#956,#378,.T.);
#1206=EDGE_CURVE('',#956,#929,#532,.T.);
#1207=EDGE_CURVE('',#956,#957,#533,.T.);
#1208=EDGE_CURVE('',#930,#957,#534,.T.);
#1209=EDGE_CURVE('',#958,#957,#379,.F.);
#1210=EDGE_CURVE('',#958,#931,#535,.T.);
#1211=EDGE_CURVE('',#959,#953,#536,.T.);
#1212=EDGE_CURVE('',#932,#959,#537,.T.);
#1213=EDGE_CURVE('',#950,#958,#538,.T.);
#1214=EDGE_CURVE('',#959,#955,#380,.T.);
#1215=EDGE_CURVE('',#960,#951,#381,.T.);
#1216=EDGE_CURVE('',#960,#961,#539,.T.);
#1217=EDGE_CURVE('',#961,#952,#382,.T.);
#1218=EDGE_CURVE('',#962,#963,#383,.T.);
#1219=EDGE_CURVE('',#962,#964,#540,.T.);
#1220=EDGE_CURVE('',#964,#965,#384,.T.);
#1221=EDGE_CURVE('',#965,#963,#541,.T.);
#1222=EDGE_CURVE('',#960,#963,#542,.T.);
#1223=EDGE_CURVE('',#961,#965,#543,.T.);
#1224=EDGE_CURVE('',#945,#966,#385,.T.);
#1225=EDGE_CURVE('',#966,#967,#544,.T.);
#1226=EDGE_CURVE('',#946,#967,#386,.T.);
#1227=EDGE_CURVE('',#968,#966,#545,.T.);
#1228=EDGE_CURVE('',#969,#968,#546,.T.);
#1229=EDGE_CURVE('',#969,#967,#547,.T.);
#1230=EDGE_CURVE('',#969,#970,#387,.T.);
#1231=EDGE_CURVE('',#968,#971,#388,.T.);
#1232=EDGE_CURVE('',#971,#970,#548,.T.);
#1233=EDGE_CURVE('',#962,#970,#549,.T.);
#1234=EDGE_CURVE('',#964,#971,#550,.T.);
#1235=EDGE_CURVE('',#972,#973,#389,.T.);
#1236=EDGE_CURVE('',#973,#900,#551,.T.);
#1237=EDGE_CURVE('',#901,#972,#552,.T.);
#1238=EDGE_CURVE('',#973,#974,#553,.T.);
#1239=EDGE_CURVE('',#974,#902,#554,.T.);
#1240=EDGE_CURVE('',#896,#894,#555,.T.);
#1241=EDGE_CURVE('',#975,#890,#390,.T.);
#1242=EDGE_CURVE('',#976,#975,#556,.T.);
#1243=EDGE_CURVE('',#977,#976,#391,.T.);
#1244=EDGE_CURVE('',#978,#977,#557,.T.);
#1245=EDGE_CURVE('',#978,#868,#558,.T.);
#1246=EDGE_CURVE('',#873,#862,#559,.T.);
#1247=EDGE_CURVE('',#979,#864,#560,.T.);
#1248=EDGE_CURVE('',#980,#979,#392,.T.);
#1249=EDGE_CURVE('',#981,#980,#561,.T.);
#1250=EDGE_CURVE('',#974,#981,#393,.T.);
#1251=EDGE_CURVE('',#972,#982,#562,.T.);
#1252=EDGE_CURVE('',#983,#982,#394,.T.);
#1253=EDGE_CURVE('',#983,#984,#563,.T.);
#1254=EDGE_CURVE('',#985,#984,#395,.T.);
#1255=EDGE_CURVE('',#985,#986,#564,.T.);
#1256=EDGE_CURVE('',#987,#986,#396,.T.);
#1257=EDGE_CURVE('',#988,#987,#565,.T.);
#1258=EDGE_CURVE('',#989,#988,#397,.T.);
#1259=EDGE_CURVE('',#990,#989,#566,.T.);
#1260=EDGE_CURVE('',#991,#990,#398,.T.);
#1261=EDGE_CURVE('',#831,#991,#567,.T.);
#1262=EDGE_CURVE('',#846,#850,#568,.T.);
#1263=EDGE_CURVE('',#992,#852,#569,.T.);
#1264=EDGE_CURVE('',#993,#992,#399,.T.);
#1265=EDGE_CURVE('',#994,#993,#570,.T.);
#1266=EDGE_CURVE('',#995,#994,#400,.T.);
#1267=EDGE_CURVE('',#811,#995,#571,.T.);
#1268=EDGE_CURVE('',#996,#996,#401,.T.);
#1269=EDGE_CURVE('',#997,#997,#402,.T.);
#1270=EDGE_CURVE('',#998,#998,#403,.T.);
#1271=EDGE_CURVE('',#999,#999,#404,.T.);
#1272=EDGE_CURVE('',#917,#987,#572,.T.);
#1273=EDGE_CURVE('',#986,#918,#573,.T.);
#1274=EDGE_CURVE('',#919,#985,#574,.T.);
#1275=EDGE_CURVE('',#921,#983,#575,.T.);
#1276=EDGE_CURVE('',#982,#922,#576,.T.);
#1277=EDGE_CURVE('',#984,#920,#577,.T.);
#1278=EDGE_CURVE('',#1000,#1000,#405,.T.);
#1279=EDGE_CURVE('',#1000,#999,#578,.T.);
#1280=EDGE_CURVE('',#1001,#1001,#406,.T.);
#1281=EDGE_CURVE('',#1001,#998,#579,.T.);
#1282=EDGE_CURVE('',#1002,#1002,#407,.T.);
#1283=EDGE_CURVE('',#1002,#997,#580,.T.);
#1284=EDGE_CURVE('',#1003,#1003,#408,.T.);
#1285=EDGE_CURVE('',#1003,#996,#581,.T.);
#1286=EDGE_CURVE('',#1004,#866,#582,.T.);
#1287=EDGE_CURVE('',#876,#1004,#583,.T.);
#1288=EDGE_CURVE('',#1004,#978,#584,.T.);
#1289=EDGE_CURVE('',#977,#906,#585,.T.);
#1290=EDGE_CURVE('',#848,#845,#586,.T.);
#1291=EDGE_CURVE('',#851,#844,#587,.T.);
#1292=EDGE_CURVE('',#992,#912,#588,.T.);
#1293=EDGE_CURVE('',#988,#916,#589,.T.);
#1294=EDGE_CURVE('',#991,#913,#590,.T.);
#1295=EDGE_CURVE('',#995,#909,#591,.T.);
#1296=EDGE_CURVE('',#990,#914,#592,.T.);
#1297=EDGE_CURVE('',#993,#911,#593,.T.);
#1298=EDGE_CURVE('',#994,#910,#594,.T.);
#1299=EDGE_CURVE('',#975,#908,#595,.T.);
#1300=EDGE_CURVE('',#976,#907,#596,.T.);
#1301=EDGE_CURVE('',#979,#905,#597,.T.);
#1302=EDGE_CURVE('',#980,#904,#598,.T.);
#1303=EDGE_CURVE('',#981,#903,#599,.T.);
#1304=EDGE_CURVE('',#989,#915,#600,.T.);
#1305=ORIENTED_EDGE('',*,*,#1005,.T.);
#1306=ORIENTED_EDGE('',*,*,#1006,.T.);
#1307=ORIENTED_EDGE('',*,*,#1007,.T.);
#1308=ORIENTED_EDGE('',*,*,#1008,.T.);
#1309=ORIENTED_EDGE('',*,*,#1006,.F.);
#1310=ORIENTED_EDGE('',*,*,#1009,.F.);
#1311=ORIENTED_EDGE('',*,*,#1010,.F.);
#1312=ORIENTED_EDGE('',*,*,#1011,.F.);
#1313=ORIENTED_EDGE('',*,*,#1012,.F.);
#1314=ORIENTED_EDGE('',*,*,#1013,.F.);
#1315=ORIENTED_EDGE('',*,*,#1014,.F.);
#1316=ORIENTED_EDGE('',*,*,#1015,.T.);
#1317=ORIENTED_EDGE('',*,*,#1016,.T.);
#1318=ORIENTED_EDGE('',*,*,#1010,.T.);
#1319=ORIENTED_EDGE('',*,*,#1015,.F.);
#1320=ORIENTED_EDGE('',*,*,#1017,.F.);
#1321=ORIENTED_EDGE('',*,*,#1018,.F.);
#1322=ORIENTED_EDGE('',*,*,#1019,.F.);
#1323=ORIENTED_EDGE('',*,*,#1020,.T.);
#1324=ORIENTED_EDGE('',*,*,#1021,.T.);
#1325=ORIENTED_EDGE('',*,*,#1022,.T.);
#1326=ORIENTED_EDGE('',*,*,#1023,.T.);
#1327=ORIENTED_EDGE('',*,*,#1008,.F.);
#1328=ORIENTED_EDGE('',*,*,#1024,.F.);
#1329=ORIENTED_EDGE('',*,*,#1021,.F.);
#1330=ORIENTED_EDGE('',*,*,#1025,.T.);
#1331=ORIENTED_EDGE('',*,*,#1026,.F.);
#1332=ORIENTED_EDGE('',*,*,#1027,.T.);
#1333=ORIENTED_EDGE('',*,*,#1028,.T.);
#1334=ORIENTED_EDGE('',*,*,#1018,.T.);
#1335=ORIENTED_EDGE('',*,*,#1023,.F.);
#1336=ORIENTED_EDGE('',*,*,#1029,.F.);
#1337=ORIENTED_EDGE('',*,*,#1030,.F.);
#1338=ORIENTED_EDGE('',*,*,#1031,.F.);
#1339=ORIENTED_EDGE('',*,*,#1027,.F.);
#1340=ORIENTED_EDGE('',*,*,#1032,.F.);
#1341=ORIENTED_EDGE('',*,*,#1033,.T.);
#1342=ORIENTED_EDGE('',*,*,#1034,.T.);
#1343=ORIENTED_EDGE('',*,*,#1035,.T.);
#1344=ORIENTED_EDGE('',*,*,#1036,.T.);
#1345=ORIENTED_EDGE('',*,*,#1034,.F.);
#1346=ORIENTED_EDGE('',*,*,#1037,.F.);
#1347=ORIENTED_EDGE('',*,*,#1038,.F.);
#1348=ORIENTED_EDGE('',*,*,#1039,.F.);
#1349=ORIENTED_EDGE('',*,*,#1040,.F.);
#1350=ORIENTED_EDGE('',*,*,#1041,.F.);
#1351=ORIENTED_EDGE('',*,*,#1042,.F.);
#1352=ORIENTED_EDGE('',*,*,#1043,.T.);
#1353=ORIENTED_EDGE('',*,*,#1044,.T.);
#1354=ORIENTED_EDGE('',*,*,#1038,.T.);
#1355=ORIENTED_EDGE('',*,*,#1043,.F.);
#1356=ORIENTED_EDGE('',*,*,#1045,.F.);
#1357=ORIENTED_EDGE('',*,*,#1046,.F.);
#1358=ORIENTED_EDGE('',*,*,#1047,.F.);
#1359=ORIENTED_EDGE('',*,*,#1048,.T.);
#1360=ORIENTED_EDGE('',*,*,#1049,.T.);
#1361=ORIENTED_EDGE('',*,*,#1050,.T.);
#1362=ORIENTED_EDGE('',*,*,#1051,.T.);
#1363=ORIENTED_EDGE('',*,*,#1036,.F.);
#1364=ORIENTED_EDGE('',*,*,#1052,.F.);
#1365=ORIENTED_EDGE('',*,*,#1049,.F.);
#1366=ORIENTED_EDGE('',*,*,#1053,.T.);
#1367=ORIENTED_EDGE('',*,*,#1054,.F.);
#1368=ORIENTED_EDGE('',*,*,#1055,.T.);
#1369=ORIENTED_EDGE('',*,*,#1056,.T.);
#1370=ORIENTED_EDGE('',*,*,#1046,.T.);
#1371=ORIENTED_EDGE('',*,*,#1051,.F.);
#1372=ORIENTED_EDGE('',*,*,#1057,.F.);
#1373=ORIENTED_EDGE('',*,*,#1058,.F.);
#1374=ORIENTED_EDGE('',*,*,#1059,.T.);
#1375=ORIENTED_EDGE('',*,*,#1060,.T.);
#1376=ORIENTED_EDGE('',*,*,#1061,.F.);
#1377=ORIENTED_EDGE('',*,*,#1055,.F.);
#1378=ORIENTED_EDGE('',*,*,#1062,.F.);
#1379=ORIENTED_EDGE('',*,*,#1063,.F.);
#1380=ORIENTED_EDGE('',*,*,#1064,.T.);
#1381=ORIENTED_EDGE('',*,*,#1065,.T.);
#1382=ORIENTED_EDGE('',*,*,#1066,.T.);
#1383=ORIENTED_EDGE('',*,*,#1064,.F.);
#1384=ORIENTED_EDGE('',*,*,#1067,.F.);
#1385=ORIENTED_EDGE('',*,*,#1068,.F.);
#1386=ORIENTED_EDGE('',*,*,#1069,.F.);
#1387=ORIENTED_EDGE('',*,*,#1070,.T.);
#1388=ORIENTED_EDGE('',*,*,#1071,.T.);
#1389=ORIENTED_EDGE('',*,*,#1072,.T.);
#1390=ORIENTED_EDGE('',*,*,#1073,.T.);
#1391=ORIENTED_EDGE('',*,*,#1071,.F.);
#1392=ORIENTED_EDGE('',*,*,#1074,.T.);
#1393=ORIENTED_EDGE('',*,*,#1075,.F.);
#1394=ORIENTED_EDGE('',*,*,#1076,.F.);
#1395=ORIENTED_EDGE('',*,*,#1077,.F.);
#1396=ORIENTED_EDGE('',*,*,#1078,.T.);
#1397=ORIENTED_EDGE('',*,*,#1079,.T.);
#1398=ORIENTED_EDGE('',*,*,#1080,.T.);
#1399=ORIENTED_EDGE('',*,*,#1073,.F.);
#1400=ORIENTED_EDGE('',*,*,#1081,.F.);
#1401=ORIENTED_EDGE('',*,*,#1082,.F.);
#1402=ORIENTED_EDGE('',*,*,#1083,.F.);
#1403=ORIENTED_EDGE('',*,*,#1078,.F.);
#1404=ORIENTED_EDGE('',*,*,#1084,.F.);
#1405=ORIENTED_EDGE('',*,*,#1085,.F.);
#1406=ORIENTED_EDGE('',*,*,#1086,.T.);
#1407=ORIENTED_EDGE('',*,*,#1087,.T.);
#1408=ORIENTED_EDGE('',*,*,#1088,.T.);
#1409=ORIENTED_EDGE('',*,*,#1086,.F.);
#1410=ORIENTED_EDGE('',*,*,#1089,.T.);
#1411=ORIENTED_EDGE('',*,*,#1090,.F.);
#1412=ORIENTED_EDGE('',*,*,#1091,.F.);
#1413=ORIENTED_EDGE('',*,*,#1092,.F.);
#1414=ORIENTED_EDGE('',*,*,#1093,.T.);
#1415=ORIENTED_EDGE('',*,*,#1094,.T.);
#1416=ORIENTED_EDGE('',*,*,#1095,.T.);
#1417=ORIENTED_EDGE('',*,*,#1077,.T.);
#1418=ORIENTED_EDGE('',*,*,#1096,.T.);
#1419=ORIENTED_EDGE('',*,*,#1092,.T.);
#1420=ORIENTED_EDGE('',*,*,#1097,.T.);
#1421=ORIENTED_EDGE('',*,*,#1098,.F.);
#1422=ORIENTED_EDGE('',*,*,#1074,.F.);
#1423=ORIENTED_EDGE('',*,*,#1070,.F.);
#1424=ORIENTED_EDGE('',*,*,#1084,.T.);
#1425=ORIENTED_EDGE('',*,*,#1095,.F.);
#1426=ORIENTED_EDGE('',*,*,#1099,.F.);
#1427=ORIENTED_EDGE('',*,*,#1090,.T.);
#1428=ORIENTED_EDGE('',*,*,#1100,.T.);
#1429=ORIENTED_EDGE('',*,*,#1101,.F.);
#1430=ORIENTED_EDGE('',*,*,#1102,.F.);
#1431=ORIENTED_EDGE('',*,*,#1103,.F.);
#1432=ORIENTED_EDGE('',*,*,#1097,.F.);
#1433=ORIENTED_EDGE('',*,*,#1098,.T.);
#1434=ORIENTED_EDGE('',*,*,#1103,.T.);
#1435=ORIENTED_EDGE('',*,*,#1104,.T.);
#1436=ORIENTED_EDGE('',*,*,#1075,.T.);
#1437=ORIENTED_EDGE('',*,*,#1105,.T.);
#1438=ORIENTED_EDGE('',*,*,#1106,.T.);
#1439=ORIENTED_EDGE('',*,*,#1107,.T.);
#1440=ORIENTED_EDGE('',*,*,#1108,.T.);
#1441=ORIENTED_EDGE('',*,*,#1108,.F.);
#1442=ORIENTED_EDGE('',*,*,#1109,.T.);
#1443=ORIENTED_EDGE('',*,*,#1110,.F.);
#1444=ORIENTED_EDGE('',*,*,#1111,.F.);
#1445=ORIENTED_EDGE('',*,*,#1112,.T.);
#1446=ORIENTED_EDGE('',*,*,#1113,.T.);
#1447=ORIENTED_EDGE('',*,*,#1114,.T.);
#1448=ORIENTED_EDGE('',*,*,#1115,.T.);
#1449=ORIENTED_EDGE('',*,*,#1106,.F.);
#1450=ORIENTED_EDGE('',*,*,#1116,.T.);
#1451=ORIENTED_EDGE('',*,*,#1030,.T.);
#1452=ORIENTED_EDGE('',*,*,#1117,.T.);
#1453=ORIENTED_EDGE('',*,*,#1118,.F.);
#1454=ORIENTED_EDGE('',*,*,#1119,.T.);
#1455=ORIENTED_EDGE('',*,*,#1115,.F.);
#1456=ORIENTED_EDGE('',*,*,#1120,.T.);
#1457=ORIENTED_EDGE('',*,*,#1121,.F.);
#1458=ORIENTED_EDGE('',*,*,#1122,.T.);
#1459=ORIENTED_EDGE('',*,*,#1123,.T.);
#1460=ORIENTED_EDGE('',*,*,#1124,.T.);
#1461=ORIENTED_EDGE('',*,*,#1113,.F.);
#1462=ORIENTED_EDGE('',*,*,#1125,.F.);
#1463=ORIENTED_EDGE('',*,*,#1122,.F.);
#1464=ORIENTED_EDGE('',*,*,#1126,.F.);
#1465=ORIENTED_EDGE('',*,*,#1127,.F.);
#1466=ORIENTED_EDGE('',*,*,#1128,.T.);
#1467=ORIENTED_EDGE('',*,*,#1129,.T.);
#1468=ORIENTED_EDGE('',*,*,#1110,.T.);
#1469=ORIENTED_EDGE('',*,*,#1121,.T.);
#1470=ORIENTED_EDGE('',*,*,#1130,.T.);
#1471=ORIENTED_EDGE('',*,*,#1127,.T.);
#1472=ORIENTED_EDGE('',*,*,#1109,.F.);
#1473=ORIENTED_EDGE('',*,*,#1107,.F.);
#1474=ORIENTED_EDGE('',*,*,#1120,.F.);
#1475=ORIENTED_EDGE('',*,*,#1114,.F.);
#1476=ORIENTED_EDGE('',*,*,#1126,.T.);
#1477=ORIENTED_EDGE('',*,*,#1131,.T.);
#1478=ORIENTED_EDGE('',*,*,#1132,.T.);
#1479=ORIENTED_EDGE('',*,*,#1133,.T.);
#1480=ORIENTED_EDGE('',*,*,#1134,.T.);
#1481=ORIENTED_EDGE('',*,*,#1132,.F.);
#1482=ORIENTED_EDGE('',*,*,#1135,.F.);
#1483=ORIENTED_EDGE('',*,*,#1136,.F.);
#1484=ORIENTED_EDGE('',*,*,#1137,.F.);
#1485=ORIENTED_EDGE('',*,*,#1138,.F.);
#1486=ORIENTED_EDGE('',*,*,#1139,.F.);
#1487=ORIENTED_EDGE('',*,*,#1140,.F.);
#1488=ORIENTED_EDGE('',*,*,#1081,.T.);
#1489=ORIENTED_EDGE('',*,*,#1072,.F.);
#1490=ORIENTED_EDGE('',*,*,#1076,.T.);
#1491=ORIENTED_EDGE('',*,*,#1104,.F.);
#1492=ORIENTED_EDGE('',*,*,#1102,.T.);
#1493=ORIENTED_EDGE('',*,*,#1141,.F.);
#1494=ORIENTED_EDGE('',*,*,#1142,.F.);
#1495=ORIENTED_EDGE('',*,*,#1143,.F.);
#1496=ORIENTED_EDGE('',*,*,#1144,.F.);
#1497=ORIENTED_EDGE('',*,*,#1117,.F.);
#1498=ORIENTED_EDGE('',*,*,#1029,.T.);
#1499=ORIENTED_EDGE('',*,*,#1022,.F.);
#1500=ORIENTED_EDGE('',*,*,#1024,.T.);
#1501=ORIENTED_EDGE('',*,*,#1007,.F.);
#1502=ORIENTED_EDGE('',*,*,#1013,.T.);
#1503=ORIENTED_EDGE('',*,*,#1145,.F.);
#1504=ORIENTED_EDGE('',*,*,#1146,.F.);
#1505=ORIENTED_EDGE('',*,*,#1147,.F.);
#1506=ORIENTED_EDGE('',*,*,#1148,.F.);
#1507=ORIENTED_EDGE('',*,*,#1149,.F.);
#1508=ORIENTED_EDGE('',*,*,#1057,.T.);
#1509=ORIENTED_EDGE('',*,*,#1050,.F.);
#1510=ORIENTED_EDGE('',*,*,#1052,.T.);
#1511=ORIENTED_EDGE('',*,*,#1035,.F.);
#1512=ORIENTED_EDGE('',*,*,#1041,.T.);
#1513=ORIENTED_EDGE('',*,*,#1150,.F.);
#1514=ORIENTED_EDGE('',*,*,#1151,.F.);
#1515=ORIENTED_EDGE('',*,*,#1152,.F.);
#1516=ORIENTED_EDGE('',*,*,#1153,.F.);
#1517=ORIENTED_EDGE('',*,*,#1154,.F.);
#1518=ORIENTED_EDGE('',*,*,#1155,.F.);
#1519=ORIENTED_EDGE('',*,*,#1156,.T.);
#1520=ORIENTED_EDGE('',*,*,#1157,.F.);
#1521=ORIENTED_EDGE('',*,*,#1158,.T.);
#1522=ORIENTED_EDGE('',*,*,#1159,.F.);
#1523=ORIENTED_EDGE('',*,*,#1160,.T.);
#1524=ORIENTED_EDGE('',*,*,#1161,.F.);
#1525=ORIENTED_EDGE('',*,*,#1162,.F.);
#1526=ORIENTED_EDGE('',*,*,#1163,.T.);
#1527=ORIENTED_EDGE('',*,*,#1164,.F.);
#1528=ORIENTED_EDGE('',*,*,#1165,.T.);
#1529=ORIENTED_EDGE('',*,*,#1166,.F.);
#1530=ORIENTED_EDGE('',*,*,#1167,.T.);
#1531=ORIENTED_EDGE('',*,*,#1168,.F.);
#1532=ORIENTED_EDGE('',*,*,#1169,.T.);
#1533=ORIENTED_EDGE('',*,*,#1170,.F.);
#1534=ORIENTED_EDGE('',*,*,#1171,.F.);
#1535=ORIENTED_EDGE('',*,*,#1131,.F.);
#1536=ORIENTED_EDGE('',*,*,#1133,.F.);
#1537=ORIENTED_EDGE('',*,*,#1134,.F.);
#1538=ORIENTED_EDGE('',*,*,#1172,.T.);
#1539=ORIENTED_EDGE('',*,*,#1173,.T.);
#1540=ORIENTED_EDGE('',*,*,#1172,.F.);
#1541=ORIENTED_EDGE('',*,*,#1161,.T.);
#1542=ORIENTED_EDGE('',*,*,#1174,.T.);
#1543=ORIENTED_EDGE('',*,*,#1175,.T.);
#1544=ORIENTED_EDGE('',*,*,#1176,.T.);
#1545=ORIENTED_EDGE('',*,*,#1174,.F.);
#1546=ORIENTED_EDGE('',*,*,#1175,.F.);
#1547=ORIENTED_EDGE('',*,*,#1176,.F.);
#1548=ORIENTED_EDGE('',*,*,#1177,.T.);
#1549=ORIENTED_EDGE('',*,*,#1178,.T.);
#1550=ORIENTED_EDGE('',*,*,#1177,.F.);
#1551=ORIENTED_EDGE('',*,*,#1171,.T.);
#1552=ORIENTED_EDGE('',*,*,#1179,.T.);
#1553=ORIENTED_EDGE('',*,*,#1180,.T.);
#1554=ORIENTED_EDGE('',*,*,#1181,.T.);
#1555=ORIENTED_EDGE('',*,*,#1179,.F.);
#1556=ORIENTED_EDGE('',*,*,#1180,.F.);
#1557=ORIENTED_EDGE('',*,*,#1181,.F.);
#1558=ORIENTED_EDGE('',*,*,#1182,.T.);
#1559=ORIENTED_EDGE('',*,*,#1183,.T.);
#1560=ORIENTED_EDGE('',*,*,#1182,.F.);
#1561=ORIENTED_EDGE('',*,*,#1162,.T.);
#1562=ORIENTED_EDGE('',*,*,#1184,.T.);
#1563=ORIENTED_EDGE('',*,*,#1185,.T.);
#1564=ORIENTED_EDGE('',*,*,#1186,.T.);
#1565=ORIENTED_EDGE('',*,*,#1184,.F.);
#1566=ORIENTED_EDGE('',*,*,#1185,.F.);
#1567=ORIENTED_EDGE('',*,*,#1186,.F.);
#1568=ORIENTED_EDGE('',*,*,#1187,.T.);
#1569=ORIENTED_EDGE('',*,*,#1188,.T.);
#1570=ORIENTED_EDGE('',*,*,#1187,.F.);
#1571=ORIENTED_EDGE('',*,*,#1189,.T.);
#1572=ORIENTED_EDGE('',*,*,#1190,.T.);
#1573=ORIENTED_EDGE('',*,*,#1191,.F.);
#1574=ORIENTED_EDGE('',*,*,#1192,.T.);
#1575=ORIENTED_EDGE('',*,*,#1192,.F.);
#1576=ORIENTED_EDGE('',*,*,#1193,.F.);
#1577=ORIENTED_EDGE('',*,*,#1194,.F.);
#1578=ORIENTED_EDGE('',*,*,#1165,.F.);
#1579=ORIENTED_EDGE('',*,*,#1195,.F.);
#1580=ORIENTED_EDGE('',*,*,#1196,.F.);
#1581=ORIENTED_EDGE('',*,*,#1197,.T.);
#1582=ORIENTED_EDGE('',*,*,#1198,.T.);
#1583=ORIENTED_EDGE('',*,*,#1199,.T.);
#1584=ORIENTED_EDGE('',*,*,#1200,.T.);
#1585=ORIENTED_EDGE('',*,*,#1164,.T.);
#1586=ORIENTED_EDGE('',*,*,#1201,.T.);
#1587=ORIENTED_EDGE('',*,*,#1202,.T.);
#1588=ORIENTED_EDGE('',*,*,#1195,.T.);
#1589=ORIENTED_EDGE('',*,*,#1201,.F.);
#1590=ORIENTED_EDGE('',*,*,#1163,.F.);
#1591=ORIENTED_EDGE('',*,*,#1203,.F.);
#1592=ORIENTED_EDGE('',*,*,#1204,.F.);
#1593=ORIENTED_EDGE('',*,*,#1205,.T.);
#1594=ORIENTED_EDGE('',*,*,#1206,.T.);
#1595=ORIENTED_EDGE('',*,*,#1166,.T.);
#1596=ORIENTED_EDGE('',*,*,#1194,.T.);
#1597=ORIENTED_EDGE('',*,*,#1206,.F.);
#1598=ORIENTED_EDGE('',*,*,#1207,.T.);
#1599=ORIENTED_EDGE('',*,*,#1208,.F.);
#1600=ORIENTED_EDGE('',*,*,#1167,.F.);
#1601=ORIENTED_EDGE('',*,*,#1209,.F.);
#1602=ORIENTED_EDGE('',*,*,#1210,.T.);
#1603=ORIENTED_EDGE('',*,*,#1168,.T.);
#1604=ORIENTED_EDGE('',*,*,#1208,.T.);
#1605=ORIENTED_EDGE('',*,*,#1200,.F.);
#1606=ORIENTED_EDGE('',*,*,#1211,.F.);
#1607=ORIENTED_EDGE('',*,*,#1212,.F.);
#1608=ORIENTED_EDGE('',*,*,#1169,.F.);
#1609=ORIENTED_EDGE('',*,*,#1210,.F.);
#1610=ORIENTED_EDGE('',*,*,#1213,.F.);
#1611=ORIENTED_EDGE('',*,*,#1170,.T.);
#1612=ORIENTED_EDGE('',*,*,#1212,.T.);
#1613=ORIENTED_EDGE('',*,*,#1214,.T.);
#1614=ORIENTED_EDGE('',*,*,#1203,.T.);
#1615=ORIENTED_EDGE('',*,*,#1198,.F.);
#1616=ORIENTED_EDGE('',*,*,#1215,.F.);
#1617=ORIENTED_EDGE('',*,*,#1216,.T.);
#1618=ORIENTED_EDGE('',*,*,#1217,.T.);
#1619=ORIENTED_EDGE('',*,*,#1218,.F.);
#1620=ORIENTED_EDGE('',*,*,#1219,.T.);
#1621=ORIENTED_EDGE('',*,*,#1220,.T.);
#1622=ORIENTED_EDGE('',*,*,#1221,.T.);
#1623=ORIENTED_EDGE('',*,*,#1216,.F.);
#1624=ORIENTED_EDGE('',*,*,#1222,.T.);
#1625=ORIENTED_EDGE('',*,*,#1221,.F.);
#1626=ORIENTED_EDGE('',*,*,#1223,.F.);
#1627=ORIENTED_EDGE('',*,*,#1190,.F.);
#1628=ORIENTED_EDGE('',*,*,#1224,.T.);
#1629=ORIENTED_EDGE('',*,*,#1225,.T.);
#1630=ORIENTED_EDGE('',*,*,#1226,.F.);
#1631=ORIENTED_EDGE('',*,*,#1225,.F.);
#1632=ORIENTED_EDGE('',*,*,#1227,.F.);
#1633=ORIENTED_EDGE('',*,*,#1228,.F.);
#1634=ORIENTED_EDGE('',*,*,#1229,.T.);
#1635=ORIENTED_EDGE('',*,*,#1230,.F.);
#1636=ORIENTED_EDGE('',*,*,#1228,.T.);
#1637=ORIENTED_EDGE('',*,*,#1231,.T.);
#1638=ORIENTED_EDGE('',*,*,#1232,.T.);
#1639=ORIENTED_EDGE('',*,*,#1219,.F.);
#1640=ORIENTED_EDGE('',*,*,#1233,.T.);
#1641=ORIENTED_EDGE('',*,*,#1232,.F.);
#1642=ORIENTED_EDGE('',*,*,#1234,.F.);
#1643=ORIENTED_EDGE('',*,*,#1235,.T.);
#1644=ORIENTED_EDGE('',*,*,#1236,.T.);
#1645=ORIENTED_EDGE('',*,*,#1135,.T.);
#1646=ORIENTED_EDGE('',*,*,#1237,.T.);
#1647=ORIENTED_EDGE('',*,*,#1236,.F.);
#1648=ORIENTED_EDGE('',*,*,#1238,.T.);
#1649=ORIENTED_EDGE('',*,*,#1239,.T.);
#1650=ORIENTED_EDGE('',*,*,#1136,.T.);
#1651=ORIENTED_EDGE('',*,*,#1105,.F.);
#1652=ORIENTED_EDGE('',*,*,#1111,.T.);
#1653=ORIENTED_EDGE('',*,*,#1129,.F.);
#1654=ORIENTED_EDGE('',*,*,#1240,.T.);
#1655=ORIENTED_EDGE('',*,*,#1123,.F.);
#1656=ORIENTED_EDGE('',*,*,#1125,.T.);
#1657=ORIENTED_EDGE('',*,*,#1112,.F.);
#1658=ORIENTED_EDGE('',*,*,#1119,.F.);
#1659=ORIENTED_EDGE('',*,*,#1241,.F.);
#1660=ORIENTED_EDGE('',*,*,#1242,.F.);
#1661=ORIENTED_EDGE('',*,*,#1243,.F.);
#1662=ORIENTED_EDGE('',*,*,#1244,.F.);
#1663=ORIENTED_EDGE('',*,*,#1245,.T.);
#1664=ORIENTED_EDGE('',*,*,#1087,.F.);
#1665=ORIENTED_EDGE('',*,*,#1091,.T.);
#1666=ORIENTED_EDGE('',*,*,#1099,.T.);
#1667=ORIENTED_EDGE('',*,*,#1094,.F.);
#1668=ORIENTED_EDGE('',*,*,#1246,.T.);
#1669=ORIENTED_EDGE('',*,*,#1079,.F.);
#1670=ORIENTED_EDGE('',*,*,#1083,.T.);
#1671=ORIENTED_EDGE('',*,*,#1247,.F.);
#1672=ORIENTED_EDGE('',*,*,#1248,.F.);
#1673=ORIENTED_EDGE('',*,*,#1249,.F.);
#1674=ORIENTED_EDGE('',*,*,#1250,.F.);
#1675=ORIENTED_EDGE('',*,*,#1238,.F.);
#1676=ORIENTED_EDGE('',*,*,#1235,.F.);
#1677=ORIENTED_EDGE('',*,*,#1251,.T.);
#1678=ORIENTED_EDGE('',*,*,#1252,.F.);
#1679=ORIENTED_EDGE('',*,*,#1253,.T.);
#1680=ORIENTED_EDGE('',*,*,#1254,.F.);
#1681=ORIENTED_EDGE('',*,*,#1255,.T.);
#1682=ORIENTED_EDGE('',*,*,#1256,.F.);
#1683=ORIENTED_EDGE('',*,*,#1257,.F.);
#1684=ORIENTED_EDGE('',*,*,#1258,.F.);
#1685=ORIENTED_EDGE('',*,*,#1259,.F.);
#1686=ORIENTED_EDGE('',*,*,#1260,.F.);
#1687=ORIENTED_EDGE('',*,*,#1261,.F.);
#1688=ORIENTED_EDGE('',*,*,#1039,.T.);
#1689=ORIENTED_EDGE('',*,*,#1044,.F.);
#1690=ORIENTED_EDGE('',*,*,#1047,.T.);
#1691=ORIENTED_EDGE('',*,*,#1056,.F.);
#1692=ORIENTED_EDGE('',*,*,#1061,.T.);
#1693=ORIENTED_EDGE('',*,*,#1262,.T.);
#1694=ORIENTED_EDGE('',*,*,#1065,.F.);
#1695=ORIENTED_EDGE('',*,*,#1069,.T.);
#1696=ORIENTED_EDGE('',*,*,#1263,.F.);
#1697=ORIENTED_EDGE('',*,*,#1264,.F.);
#1698=ORIENTED_EDGE('',*,*,#1265,.F.);
#1699=ORIENTED_EDGE('',*,*,#1266,.F.);
#1700=ORIENTED_EDGE('',*,*,#1267,.F.);
#1701=ORIENTED_EDGE('',*,*,#1011,.T.);
#1702=ORIENTED_EDGE('',*,*,#1016,.F.);
#1703=ORIENTED_EDGE('',*,*,#1019,.T.);
#1704=ORIENTED_EDGE('',*,*,#1028,.F.);
#1705=ORIENTED_EDGE('',*,*,#1031,.T.);
#1706=ORIENTED_EDGE('',*,*,#1116,.F.);
#1707=ORIENTED_EDGE('',*,*,#1189,.F.);
#1708=ORIENTED_EDGE('',*,*,#1196,.T.);
#1709=ORIENTED_EDGE('',*,*,#1202,.F.);
#1710=ORIENTED_EDGE('',*,*,#1204,.T.);
#1711=ORIENTED_EDGE('',*,*,#1214,.F.);
#1712=ORIENTED_EDGE('',*,*,#1211,.T.);
#1713=ORIENTED_EDGE('',*,*,#1199,.F.);
#1714=ORIENTED_EDGE('',*,*,#1217,.F.);
#1715=ORIENTED_EDGE('',*,*,#1223,.T.);
#1716=ORIENTED_EDGE('',*,*,#1220,.F.);
#1717=ORIENTED_EDGE('',*,*,#1234,.T.);
#1718=ORIENTED_EDGE('',*,*,#1231,.F.);
#1719=ORIENTED_EDGE('',*,*,#1227,.T.);
#1720=ORIENTED_EDGE('',*,*,#1224,.F.);
#1721=ORIENTED_EDGE('',*,*,#1268,.T.);
#1722=ORIENTED_EDGE('',*,*,#1269,.T.);
#1723=ORIENTED_EDGE('',*,*,#1270,.T.);
#1724=ORIENTED_EDGE('',*,*,#1271,.T.);
#1725=ORIENTED_EDGE('',*,*,#1155,.T.);
#1726=ORIENTED_EDGE('',*,*,#1272,.T.);
#1727=ORIENTED_EDGE('',*,*,#1256,.T.);
#1728=ORIENTED_EDGE('',*,*,#1273,.T.);
#1729=ORIENTED_EDGE('',*,*,#1273,.F.);
#1730=ORIENTED_EDGE('',*,*,#1255,.F.);
#1731=ORIENTED_EDGE('',*,*,#1274,.F.);
#1732=ORIENTED_EDGE('',*,*,#1156,.F.);
#1733=ORIENTED_EDGE('',*,*,#1159,.T.);
#1734=ORIENTED_EDGE('',*,*,#1275,.T.);
#1735=ORIENTED_EDGE('',*,*,#1252,.T.);
#1736=ORIENTED_EDGE('',*,*,#1276,.T.);
#1737=ORIENTED_EDGE('',*,*,#1275,.F.);
#1738=ORIENTED_EDGE('',*,*,#1158,.F.);
#1739=ORIENTED_EDGE('',*,*,#1277,.F.);
#1740=ORIENTED_EDGE('',*,*,#1253,.F.);
#1741=ORIENTED_EDGE('',*,*,#1157,.T.);
#1742=ORIENTED_EDGE('',*,*,#1274,.T.);
#1743=ORIENTED_EDGE('',*,*,#1254,.T.);
#1744=ORIENTED_EDGE('',*,*,#1277,.T.);
#1745=ORIENTED_EDGE('',*,*,#1173,.F.);
#1746=ORIENTED_EDGE('',*,*,#1278,.T.);
#1747=ORIENTED_EDGE('',*,*,#1278,.F.);
#1748=ORIENTED_EDGE('',*,*,#1279,.T.);
#1749=ORIENTED_EDGE('',*,*,#1271,.F.);
#1750=ORIENTED_EDGE('',*,*,#1279,.F.);
#1751=ORIENTED_EDGE('',*,*,#1188,.F.);
#1752=ORIENTED_EDGE('',*,*,#1280,.T.);
#1753=ORIENTED_EDGE('',*,*,#1280,.F.);
#1754=ORIENTED_EDGE('',*,*,#1281,.T.);
#1755=ORIENTED_EDGE('',*,*,#1270,.F.);
#1756=ORIENTED_EDGE('',*,*,#1281,.F.);
#1757=ORIENTED_EDGE('',*,*,#1183,.F.);
#1758=ORIENTED_EDGE('',*,*,#1282,.T.);
#1759=ORIENTED_EDGE('',*,*,#1282,.F.);
#1760=ORIENTED_EDGE('',*,*,#1283,.T.);
#1761=ORIENTED_EDGE('',*,*,#1269,.F.);
#1762=ORIENTED_EDGE('',*,*,#1283,.F.);
#1763=ORIENTED_EDGE('',*,*,#1178,.F.);
#1764=ORIENTED_EDGE('',*,*,#1284,.T.);
#1765=ORIENTED_EDGE('',*,*,#1284,.F.);
#1766=ORIENTED_EDGE('',*,*,#1285,.T.);
#1767=ORIENTED_EDGE('',*,*,#1268,.F.);
#1768=ORIENTED_EDGE('',*,*,#1285,.F.);
#1769=ORIENTED_EDGE('',*,*,#1215,.T.);
#1770=ORIENTED_EDGE('',*,*,#1197,.F.);
#1771=ORIENTED_EDGE('',*,*,#1213,.T.);
#1772=ORIENTED_EDGE('',*,*,#1209,.T.);
#1773=ORIENTED_EDGE('',*,*,#1207,.F.);
#1774=ORIENTED_EDGE('',*,*,#1205,.F.);
#1775=ORIENTED_EDGE('',*,*,#1193,.T.);
#1776=ORIENTED_EDGE('',*,*,#1191,.T.);
#1777=ORIENTED_EDGE('',*,*,#1226,.T.);
#1778=ORIENTED_EDGE('',*,*,#1229,.F.);
#1779=ORIENTED_EDGE('',*,*,#1230,.T.);
#1780=ORIENTED_EDGE('',*,*,#1233,.F.);
#1781=ORIENTED_EDGE('',*,*,#1218,.T.);
#1782=ORIENTED_EDGE('',*,*,#1222,.F.);
#1783=ORIENTED_EDGE('',*,*,#1124,.F.);
#1784=ORIENTED_EDGE('',*,*,#1240,.F.);
#1785=ORIENTED_EDGE('',*,*,#1128,.F.);
#1786=ORIENTED_EDGE('',*,*,#1130,.F.);
#1787=ORIENTED_EDGE('',*,*,#1085,.T.);
#1788=ORIENTED_EDGE('',*,*,#1286,.F.);
#1789=ORIENTED_EDGE('',*,*,#1287,.F.);
#1790=ORIENTED_EDGE('',*,*,#1100,.F.);
#1791=ORIENTED_EDGE('',*,*,#1089,.F.);
#1792=ORIENTED_EDGE('',*,*,#1088,.F.);
#1793=ORIENTED_EDGE('',*,*,#1245,.F.);
#1794=ORIENTED_EDGE('',*,*,#1288,.F.);
#1795=ORIENTED_EDGE('',*,*,#1286,.T.);
#1796=ORIENTED_EDGE('',*,*,#1287,.T.);
#1797=ORIENTED_EDGE('',*,*,#1288,.T.);
#1798=ORIENTED_EDGE('',*,*,#1244,.T.);
#1799=ORIENTED_EDGE('',*,*,#1289,.T.);
#1800=ORIENTED_EDGE('',*,*,#1141,.T.);
#1801=ORIENTED_EDGE('',*,*,#1101,.T.);
#1802=ORIENTED_EDGE('',*,*,#1063,.T.);
#1803=ORIENTED_EDGE('',*,*,#1290,.T.);
#1804=ORIENTED_EDGE('',*,*,#1059,.F.);
#1805=ORIENTED_EDGE('',*,*,#1291,.F.);
#1806=ORIENTED_EDGE('',*,*,#1067,.T.);
#1807=ORIENTED_EDGE('',*,*,#1066,.F.);
#1808=ORIENTED_EDGE('',*,*,#1262,.F.);
#1809=ORIENTED_EDGE('',*,*,#1060,.F.);
#1810=ORIENTED_EDGE('',*,*,#1290,.F.);
#1811=ORIENTED_EDGE('',*,*,#1068,.T.);
#1812=ORIENTED_EDGE('',*,*,#1291,.T.);
#1813=ORIENTED_EDGE('',*,*,#1058,.T.);
#1814=ORIENTED_EDGE('',*,*,#1149,.T.);
#1815=ORIENTED_EDGE('',*,*,#1292,.F.);
#1816=ORIENTED_EDGE('',*,*,#1263,.T.);
#1817=ORIENTED_EDGE('',*,*,#1237,.F.);
#1818=ORIENTED_EDGE('',*,*,#1160,.F.);
#1819=ORIENTED_EDGE('',*,*,#1276,.F.);
#1820=ORIENTED_EDGE('',*,*,#1251,.F.);
#1821=ORIENTED_EDGE('',*,*,#1272,.F.);
#1822=ORIENTED_EDGE('',*,*,#1154,.T.);
#1823=ORIENTED_EDGE('',*,*,#1293,.F.);
#1824=ORIENTED_EDGE('',*,*,#1257,.T.);
#1825=ORIENTED_EDGE('',*,*,#1080,.F.);
#1826=ORIENTED_EDGE('',*,*,#1246,.F.);
#1827=ORIENTED_EDGE('',*,*,#1093,.F.);
#1828=ORIENTED_EDGE('',*,*,#1096,.F.);
#1829=ORIENTED_EDGE('',*,*,#1014,.T.);
#1830=ORIENTED_EDGE('',*,*,#1009,.T.);
#1831=ORIENTED_EDGE('',*,*,#1005,.F.);
#1832=ORIENTED_EDGE('',*,*,#1025,.F.);
#1833=ORIENTED_EDGE('',*,*,#1020,.F.);
#1834=ORIENTED_EDGE('',*,*,#1032,.T.);
#1835=ORIENTED_EDGE('',*,*,#1026,.T.);
#1836=ORIENTED_EDGE('',*,*,#1017,.T.);
#1837=ORIENTED_EDGE('',*,*,#1042,.T.);
#1838=ORIENTED_EDGE('',*,*,#1037,.T.);
#1839=ORIENTED_EDGE('',*,*,#1033,.F.);
#1840=ORIENTED_EDGE('',*,*,#1053,.F.);
#1841=ORIENTED_EDGE('',*,*,#1048,.F.);
#1842=ORIENTED_EDGE('',*,*,#1062,.T.);
#1843=ORIENTED_EDGE('',*,*,#1054,.T.);
#1844=ORIENTED_EDGE('',*,*,#1045,.T.);
#1845=ORIENTED_EDGE('',*,*,#1040,.T.);
#1846=ORIENTED_EDGE('',*,*,#1261,.T.);
#1847=ORIENTED_EDGE('',*,*,#1294,.T.);
#1848=ORIENTED_EDGE('',*,*,#1150,.T.);
#1849=ORIENTED_EDGE('',*,*,#1012,.T.);
#1850=ORIENTED_EDGE('',*,*,#1267,.T.);
#1851=ORIENTED_EDGE('',*,*,#1295,.T.);
#1852=ORIENTED_EDGE('',*,*,#1145,.T.);
#1853=ORIENTED_EDGE('',*,*,#1151,.T.);
#1854=ORIENTED_EDGE('',*,*,#1294,.F.);
#1855=ORIENTED_EDGE('',*,*,#1260,.T.);
#1856=ORIENTED_EDGE('',*,*,#1296,.T.);
#1857=ORIENTED_EDGE('',*,*,#1148,.T.);
#1858=ORIENTED_EDGE('',*,*,#1297,.F.);
#1859=ORIENTED_EDGE('',*,*,#1264,.T.);
#1860=ORIENTED_EDGE('',*,*,#1292,.T.);
#1861=ORIENTED_EDGE('',*,*,#1147,.T.);
#1862=ORIENTED_EDGE('',*,*,#1298,.F.);
#1863=ORIENTED_EDGE('',*,*,#1265,.T.);
#1864=ORIENTED_EDGE('',*,*,#1297,.T.);
#1865=ORIENTED_EDGE('',*,*,#1146,.T.);
#1866=ORIENTED_EDGE('',*,*,#1295,.F.);
#1867=ORIENTED_EDGE('',*,*,#1266,.T.);
#1868=ORIENTED_EDGE('',*,*,#1298,.T.);
#1869=ORIENTED_EDGE('',*,*,#1144,.T.);
#1870=ORIENTED_EDGE('',*,*,#1299,.F.);
#1871=ORIENTED_EDGE('',*,*,#1241,.T.);
#1872=ORIENTED_EDGE('',*,*,#1118,.T.);
#1873=ORIENTED_EDGE('',*,*,#1143,.T.);
#1874=ORIENTED_EDGE('',*,*,#1300,.F.);
#1875=ORIENTED_EDGE('',*,*,#1242,.T.);
#1876=ORIENTED_EDGE('',*,*,#1299,.T.);
#1877=ORIENTED_EDGE('',*,*,#1142,.T.);
#1878=ORIENTED_EDGE('',*,*,#1289,.F.);
#1879=ORIENTED_EDGE('',*,*,#1243,.T.);
#1880=ORIENTED_EDGE('',*,*,#1300,.T.);
#1881=ORIENTED_EDGE('',*,*,#1082,.T.);
#1882=ORIENTED_EDGE('',*,*,#1140,.T.);
#1883=ORIENTED_EDGE('',*,*,#1301,.F.);
#1884=ORIENTED_EDGE('',*,*,#1247,.T.);
#1885=ORIENTED_EDGE('',*,*,#1139,.T.);
#1886=ORIENTED_EDGE('',*,*,#1302,.F.);
#1887=ORIENTED_EDGE('',*,*,#1248,.T.);
#1888=ORIENTED_EDGE('',*,*,#1301,.T.);
#1889=ORIENTED_EDGE('',*,*,#1138,.T.);
#1890=ORIENTED_EDGE('',*,*,#1303,.F.);
#1891=ORIENTED_EDGE('',*,*,#1249,.T.);
#1892=ORIENTED_EDGE('',*,*,#1302,.T.);
#1893=ORIENTED_EDGE('',*,*,#1137,.T.);
#1894=ORIENTED_EDGE('',*,*,#1239,.F.);
#1895=ORIENTED_EDGE('',*,*,#1250,.T.);
#1896=ORIENTED_EDGE('',*,*,#1303,.T.);
#1897=ORIENTED_EDGE('',*,*,#1153,.T.);
#1898=ORIENTED_EDGE('',*,*,#1304,.F.);
#1899=ORIENTED_EDGE('',*,*,#1258,.T.);
#1900=ORIENTED_EDGE('',*,*,#1293,.T.);
#1901=ORIENTED_EDGE('',*,*,#1152,.T.);
#1902=ORIENTED_EDGE('',*,*,#1296,.F.);
#1903=ORIENTED_EDGE('',*,*,#1259,.T.);
#1904=ORIENTED_EDGE('',*,*,#1304,.T.);
#1905=CYLINDRICAL_SURFACE('',#2073,1.);
#1906=CYLINDRICAL_SURFACE('',#2077,1.);
#1907=CYLINDRICAL_SURFACE('',#2081,1.);
#1908=CYLINDRICAL_SURFACE('',#2085,1.);
#1909=CYLINDRICAL_SURFACE('',#2089,1.);
#1910=CYLINDRICAL_SURFACE('',#2093,1.);
#1911=CYLINDRICAL_SURFACE('',#2097,1.);
#1912=CYLINDRICAL_SURFACE('',#2101,1.);
#1913=CYLINDRICAL_SURFACE('',#2105,1.);
#1914=CYLINDRICAL_SURFACE('',#2109,1.);
#1915=CYLINDRICAL_SURFACE('',#2113,1.);
#1916=CYLINDRICAL_SURFACE('',#2117,1.);
#1917=CYLINDRICAL_SURFACE('',#2121,1.);
#1918=CYLINDRICAL_SURFACE('',#2127,1.);
#1919=CYLINDRICAL_SURFACE('',#2129,0.5);
#1920=CYLINDRICAL_SURFACE('',#2133,0.5);
#1921=CYLINDRICAL_SURFACE('',#2137,0.5);
#1922=CYLINDRICAL_SURFACE('',#2141,0.5);
#1923=CYLINDRICAL_SURFACE('',#2170,3.2);
#1924=CYLINDRICAL_SURFACE('',#2176,3.2);
#1925=CYLINDRICAL_SURFACE('',#2182,3.2);
#1926=CYLINDRICAL_SURFACE('',#2188,3.2);
#1927=CYLINDRICAL_SURFACE('',#2190,1.);
#1928=CYLINDRICAL_SURFACE('',#2194,1.);
#1929=CYLINDRICAL_SURFACE('',#2197,0.5);
#1930=CYLINDRICAL_SURFACE('',#2200,0.5);
#1931=CYLINDRICAL_SURFACE('',#2203,0.5);
#1932=CYLINDRICAL_SURFACE('',#2206,0.5);
#1933=CYLINDRICAL_SURFACE('',#2208,1.);
#1934=CYLINDRICAL_SURFACE('',#2211,1.);
#1935=CYLINDRICAL_SURFACE('',#2215,1.);
#1936=CYLINDRICAL_SURFACE('',#2219,1.);
#1937=CYLINDRICAL_SURFACE('',#2223,1.);
#1938=CYLINDRICAL_SURFACE('',#2242,1.);
#1939=CYLINDRICAL_SURFACE('',#2244,2.);
#1940=CYLINDRICAL_SURFACE('',#2246,2.);
#1941=CYLINDRICAL_SURFACE('',#2249,1.7);
#1942=CYLINDRICAL_SURFACE('',#2252,1.7);
#1943=CYLINDRICAL_SURFACE('',#2255,1.7);
#1944=CYLINDRICAL_SURFACE('',#2258,1.7);
#1945=CYLINDRICAL_SURFACE('',#2274,2.99999367556243);
#1946=CYLINDRICAL_SURFACE('',#2275,2.99999367556269);
#1947=CYLINDRICAL_SURFACE('',#2277,2.99999367556245);
#1948=CYLINDRICAL_SURFACE('',#2278,3.00000953341798);
#1949=CYLINDRICAL_SURFACE('',#2280,2.99998246247963);
#1950=CYLINDRICAL_SURFACE('',#2282,2.99981076038018);
#1951=CYLINDRICAL_SURFACE('',#2284,2.99998246247959);
#1952=CYLINDRICAL_SURFACE('',#2285,2.9999936755627);
#1953=ADVANCED_FACE('',(#87),#1905,.F.);
#1954=ADVANCED_FACE('',(#88),#33,.F.);
#1955=ADVANCED_FACE('',(#89),#1906,.F.);
#1956=ADVANCED_FACE('',(#90),#34,.F.);
#1957=ADVANCED_FACE('',(#91),#1907,.F.);
#1958=ADVANCED_FACE('',(#92),#35,.F.);
#1959=ADVANCED_FACE('',(#93),#1908,.F.);
#1960=ADVANCED_FACE('',(#94),#36,.F.);
#1961=ADVANCED_FACE('',(#95),#1909,.F.);
#1962=ADVANCED_FACE('',(#96),#37,.F.);
#1963=ADVANCED_FACE('',(#97),#1910,.F.);
#1964=ADVANCED_FACE('',(#98),#38,.F.);
#1965=ADVANCED_FACE('',(#99),#1911,.F.);
#1966=ADVANCED_FACE('',(#100),#39,.F.);
#1967=ADVANCED_FACE('',(#101),#1912,.F.);
#1968=ADVANCED_FACE('',(#102),#40,.F.);
#1969=ADVANCED_FACE('',(#103),#1913,.F.);
#1970=ADVANCED_FACE('',(#104),#41,.F.);
#1971=ADVANCED_FACE('',(#105),#1914,.F.);
#1972=ADVANCED_FACE('',(#106),#42,.F.);
#1973=ADVANCED_FACE('',(#107),#1915,.F.);
#1974=ADVANCED_FACE('',(#108),#43,.F.);
#1975=ADVANCED_FACE('',(#109),#1916,.F.);
#1976=ADVANCED_FACE('',(#110),#44,.T.);
#1977=ADVANCED_FACE('',(#111),#1917,.F.);
#1978=ADVANCED_FACE('',(#112),#45,.F.);
#1979=ADVANCED_FACE('',(#113),#46,.F.);
#1980=ADVANCED_FACE('',(#114),#1918,.F.);
#1981=ADVANCED_FACE('',(#115),#1919,.T.);
#1982=ADVANCED_FACE('',(#116),#47,.F.);
#1983=ADVANCED_FACE('',(#117),#1920,.T.);
#1984=ADVANCED_FACE('',(#118),#48,.T.);
#1985=ADVANCED_FACE('',(#119),#1921,.F.);
#1986=ADVANCED_FACE('',(#120),#49,.F.);
#1987=ADVANCED_FACE('',(#121),#1922,.F.);
#1988=ADVANCED_FACE('',(#122),#50,.F.);
#1989=ADVANCED_FACE('',(#123),#29,.T.);
#1990=ADVANCED_FACE('',(#124,#15,#16,#17,#18,#19),#51,.T.);
#1991=ADVANCED_FACE('',(#125),#1923,.F.);
#1992=ADVANCED_FACE('',(#126),#30,.T.);
#1993=ADVANCED_FACE('',(#127),#1924,.F.);
#1994=ADVANCED_FACE('',(#128),#31,.T.);
#1995=ADVANCED_FACE('',(#129),#1925,.F.);
#1996=ADVANCED_FACE('',(#130),#32,.T.);
#1997=ADVANCED_FACE('',(#131),#1926,.F.);
#1998=ADVANCED_FACE('',(#132),#1927,.T.);
#1999=ADVANCED_FACE('',(#133),#52,.F.);
#2000=ADVANCED_FACE('',(#134),#1928,.T.);
#2001=ADVANCED_FACE('',(#135),#1929,.F.);
#2002=ADVANCED_FACE('',(#136),#53,.F.);
#2003=ADVANCED_FACE('',(#137),#1930,.F.);
#2004=ADVANCED_FACE('',(#138),#54,.T.);
#2005=ADVANCED_FACE('',(#139),#1931,.F.);
#2006=ADVANCED_FACE('',(#140),#55,.F.);
#2007=ADVANCED_FACE('',(#141),#1932,.F.);
#2008=ADVANCED_FACE('',(#142),#1933,.F.);
#2009=ADVANCED_FACE('',(#143),#1934,.F.);
#2010=ADVANCED_FACE('',(#144),#56,.F.);
#2011=ADVANCED_FACE('',(#145),#1935,.F.);
#2012=ADVANCED_FACE('',(#146),#57,.F.);
#2013=ADVANCED_FACE('',(#147),#1936,.F.);
#2014=ADVANCED_FACE('',(#148),#58,.F.);
#2015=ADVANCED_FACE('',(#149),#1937,.T.);
#2016=ADVANCED_FACE('',(#150),#59,.T.);
#2017=ADVANCED_FACE('',(#151,#20,#21,#22,#23,#24),#60,.F.);
#2018=ADVANCED_FACE('',(#152),#1938,.T.);
#2019=ADVANCED_FACE('',(#153),#61,.F.);
#2020=ADVANCED_FACE('',(#154),#1939,.F.);
#2021=ADVANCED_FACE('',(#155),#62,.F.);
#2022=ADVANCED_FACE('',(#156),#1940,.F.);
#2023=ADVANCED_FACE('',(#157,#25),#63,.F.);
#2024=ADVANCED_FACE('',(#158),#1941,.F.);
#2025=ADVANCED_FACE('',(#159,#26),#64,.F.);
#2026=ADVANCED_FACE('',(#160),#1942,.F.);
#2027=ADVANCED_FACE('',(#161,#27),#65,.F.);
#2028=ADVANCED_FACE('',(#162),#1943,.F.);
#2029=ADVANCED_FACE('',(#163,#28),#66,.F.);
#2030=ADVANCED_FACE('',(#164),#1944,.F.);
#2031=ADVANCED_FACE('',(#165),#67,.F.);
#2032=ADVANCED_FACE('',(#166),#68,.F.);
#2033=ADVANCED_FACE('',(#167),#69,.T.);
#2034=ADVANCED_FACE('',(#168),#70,.T.);
#2035=ADVANCED_FACE('',(#169),#71,.T.);
#2036=ADVANCED_FACE('',(#170),#72,.F.);
#2037=ADVANCED_FACE('',(#171),#73,.F.);
#2038=ADVANCED_FACE('',(#172),#74,.T.);
#2039=ADVANCED_FACE('',(#173),#75,.F.);
#2040=ADVANCED_FACE('',(#174),#76,.T.);
#2041=ADVANCED_FACE('',(#175),#77,.F.);
#2042=ADVANCED_FACE('',(#176),#78,.F.);
#2043=ADVANCED_FACE('',(#177),#79,.F.);
#2044=ADVANCED_FACE('',(#178),#80,.T.);
#2045=ADVANCED_FACE('',(#179),#81,.T.);
#2046=ADVANCED_FACE('',(#180),#1945,.T.);
#2047=ADVANCED_FACE('',(#181),#1946,.T.);
#2048=ADVANCED_FACE('',(#182),#82,.T.);
#2049=ADVANCED_FACE('',(#183),#1947,.T.);
#2050=ADVANCED_FACE('',(#184),#1948,.T.);
#2051=ADVANCED_FACE('',(#185),#83,.T.);
#2052=ADVANCED_FACE('',(#186),#1949,.T.);
#2053=ADVANCED_FACE('',(#187),#84,.T.);
#2054=ADVANCED_FACE('',(#188),#1950,.T.);
#2055=ADVANCED_FACE('',(#189),#85,.T.);
#2056=ADVANCED_FACE('',(#190),#1951,.T.);
#2057=ADVANCED_FACE('',(#191),#1952,.T.);
#2058=ADVANCED_FACE('',(#192),#86,.T.);
#2059=CLOSED_SHELL('',(#1953,#1954,#1955,#1956,#1957,#1958,#1959,#1960,
#1961,#1962,#1963,#1964,#1965,#1966,#1967,#1968,#1969,#1970,#1971,#1972,
#1973,#1974,#1975,#1976,#1977,#1978,#1979,#1980,#1981,#1982,#1983,#1984,
#1985,#1986,#1987,#1988,#1989,#1990,#1991,#1992,#1993,#1994,#1995,#1996,
#1997,#1998,#1999,#2000,#2001,#2002,#2003,#2004,#2005,#2006,#2007,#2008,
#2009,#2010,#2011,#2012,#2013,#2014,#2015,#2016,#2017,#2018,#2019,#2020,
#2021,#2022,#2023,#2024,#2025,#2026,#2027,#2028,#2029,#2030,#2031,#2032,
#2033,#2034,#2035,#2036,#2037,#2038,#2039,#2040,#2041,#2042,#2043,#2044,
#2045,#2046,#2047,#2048,#2049,#2050,#2051,#2052,#2053,#2054,#2055,#2056,
#2057,#2058));
#2060=DERIVED_UNIT_ELEMENT(#2062,1.);
#2061=DERIVED_UNIT_ELEMENT(#3521,-3.);
#2062=(
MASS_UNIT()
NAMED_UNIT(*)
SI_UNIT(.KILO.,.GRAM.)
);
#2063=DERIVED_UNIT((#2060,#2061));
#2064=MEASURE_REPRESENTATION_ITEM('density measure',
POSITIVE_RATIO_MEASURE(7850.),#2063);
#2065=PROPERTY_DEFINITION_REPRESENTATION(#2070,#2067);
#2066=PROPERTY_DEFINITION_REPRESENTATION(#2071,#2068);
#2067=REPRESENTATION('material name',(#2069),#3518);
#2068=REPRESENTATION('density',(#2064),#3518);
#2069=DESCRIPTIVE_REPRESENTATION_ITEM('\X2\94A2\X0\','\X2\94A2\X0\');
#2070=PROPERTY_DEFINITION('material property','material name',#3528);
#2071=PROPERTY_DEFINITION('material property','density of part',#3528);
#2072=AXIS2_PLACEMENT_3D('',#2909,#2287,#2288);
#2073=AXIS2_PLACEMENT_3D('',#2910,#2289,#2290);
#2074=AXIS2_PLACEMENT_3D('',#2913,#2291,#2292);
#2075=AXIS2_PLACEMENT_3D('',#2917,#2294,#2295);
#2076=AXIS2_PLACEMENT_3D('',#2919,#2297,#2298);
#2077=AXIS2_PLACEMENT_3D('',#2929,#2304,#2305);
#2078=AXIS2_PLACEMENT_3D('',#2931,#2306,#2307);
#2079=AXIS2_PLACEMENT_3D('',#2934,#2309,#2310);
#2080=AXIS2_PLACEMENT_3D('',#2935,#2311,#2312);
#2081=AXIS2_PLACEMENT_3D('',#2941,#2316,#2317);
#2082=AXIS2_PLACEMENT_3D('',#2944,#2318,#2319);
#2083=AXIS2_PLACEMENT_3D('',#2948,#2321,#2322);
#2084=AXIS2_PLACEMENT_3D('',#2950,#2324,#2325);
#2085=AXIS2_PLACEMENT_3D('',#2953,#2328,#2329);
#2086=AXIS2_PLACEMENT_3D('',#2955,#2330,#2331);
#2087=AXIS2_PLACEMENT_3D('',#2958,#2333,#2334);
#2088=AXIS2_PLACEMENT_3D('',#2959,#2335,#2336);
#2089=AXIS2_PLACEMENT_3D('',#2966,#2341,#2342);
#2090=AXIS2_PLACEMENT_3D('',#2969,#2343,#2344);
#2091=AXIS2_PLACEMENT_3D('',#2973,#2346,#2347);
#2092=AXIS2_PLACEMENT_3D('',#2975,#2349,#2350);
#2093=AXIS2_PLACEMENT_3D('',#2985,#2356,#2357);
#2094=AXIS2_PLACEMENT_3D('',#2987,#2358,#2359);
#2095=AXIS2_PLACEMENT_3D('',#2990,#2361,#2362);
#2096=AXIS2_PLACEMENT_3D('',#2991,#2363,#2364);
#2097=AXIS2_PLACEMENT_3D('',#2997,#2368,#2369);
#2098=AXIS2_PLACEMENT_3D('',#3000,#2370,#2371);
#2099=AXIS2_PLACEMENT_3D('',#3004,#2373,#2374);
#2100=AXIS2_PLACEMENT_3D('',#3006,#2376,#2377);
#2101=AXIS2_PLACEMENT_3D('',#3009,#2380,#2381);
#2102=AXIS2_PLACEMENT_3D('',#3011,#2382,#2383);
#2103=AXIS2_PLACEMENT_3D('',#3014,#2385,#2386);
#2104=AXIS2_PLACEMENT_3D('',#3015,#2387,#2388);
#2105=AXIS2_PLACEMENT_3D('',#3026,#2395,#2396);
#2106=AXIS2_PLACEMENT_3D('',#3029,#2397,#2398);
#2107=AXIS2_PLACEMENT_3D('',#3033,#2400,#2401);
#2108=AXIS2_PLACEMENT_3D('',#3035,#2403,#2404);
#2109=AXIS2_PLACEMENT_3D('',#3041,#2408,#2409);
#2110=AXIS2_PLACEMENT_3D('',#3044,#2410,#2411);
#2111=AXIS2_PLACEMENT_3D('',#3048,#2413,#2414);
#2112=AXIS2_PLACEMENT_3D('',#3050,#2416,#2417);
#2113=AXIS2_PLACEMENT_3D('',#3056,#2421,#2422);
#2114=AXIS2_PLACEMENT_3D('',#3059,#2423,#2424);
#2115=AXIS2_PLACEMENT_3D('',#3063,#2426,#2427);
#2116=AXIS2_PLACEMENT_3D('',#3065,#2429,#2430);
#2117=AXIS2_PLACEMENT_3D('',#3072,#2435,#2436);
#2118=AXIS2_PLACEMENT_3D('',#3075,#2437,#2438);
#2119=AXIS2_PLACEMENT_3D('',#3079,#2440,#2441);
#2120=AXIS2_PLACEMENT_3D('',#3081,#2443,#2444);
#2121=AXIS2_PLACEMENT_3D('',#3087,#2448,#2449);
#2122=AXIS2_PLACEMENT_3D('',#3090,#2450,#2451);
#2123=AXIS2_PLACEMENT_3D('',#3094,#2453,#2454);
#2124=AXIS2_PLACEMENT_3D('',#3096,#2456,#2457);
#2125=AXIS2_PLACEMENT_3D('',#3100,#2460,#2461);
#2126=AXIS2_PLACEMENT_3D('',#3101,#2462,#2463);
#2127=AXIS2_PLACEMENT_3D('',#3110,#2469,#2470);
#2128=AXIS2_PLACEMENT_3D('',#3111,#2471,#2472);
#2129=AXIS2_PLACEMENT_3D('',#3112,#2473,#2474);
#2130=AXIS2_PLACEMENT_3D('',#3115,#2475,#2476);
#2131=AXIS2_PLACEMENT_3D('',#3119,#2478,#2479);
#2132=AXIS2_PLACEMENT_3D('',#3121,#2481,#2482);
#2133=AXIS2_PLACEMENT_3D('',#3127,#2486,#2487);
#2134=AXIS2_PLACEMENT_3D('',#3130,#2488,#2489);
#2135=AXIS2_PLACEMENT_3D('',#3134,#2491,#2492);
#2136=AXIS2_PLACEMENT_3D('',#3136,#2494,#2495);
#2137=AXIS2_PLACEMENT_3D('',#3144,#2501,#2502);
#2138=AXIS2_PLACEMENT_3D('',#3147,#2503,#2504);
#2139=AXIS2_PLACEMENT_3D('',#3151,#2506,#2507);
#2140=AXIS2_PLACEMENT_3D('',#3153,#2509,#2510);
#2141=AXIS2_PLACEMENT_3D('',#3156,#2513,#2514);
#2142=AXIS2_PLACEMENT_3D('',#3158,#2515,#2516);
#2143=AXIS2_PLACEMENT_3D('',#3161,#2518,#2519);
#2144=AXIS2_PLACEMENT_3D('',#3162,#2520,#2521);
#2145=AXIS2_PLACEMENT_3D('',#3164,#2523,#2524);
#2146=AXIS2_PLACEMENT_3D('',#3166,#2525,#2526);
#2147=AXIS2_PLACEMENT_3D('',#3168,#2527,#2528);
#2148=AXIS2_PLACEMENT_3D('',#3170,#2529,#2530);
#2149=AXIS2_PLACEMENT_3D('',#3171,#2531,#2532);
#2150=AXIS2_PLACEMENT_3D('',#3172,#2533,#2534);
#2151=AXIS2_PLACEMENT_3D('',#3175,#2535,#2536);
#2152=AXIS2_PLACEMENT_3D('',#3179,#2538,#2539);
#2153=AXIS2_PLACEMENT_3D('',#3183,#2541,#2542);
#2154=AXIS2_PLACEMENT_3D('',#3188,#2545,#2546);
#2155=AXIS2_PLACEMENT_3D('',#3191,#2548,#2549);
#2156=AXIS2_PLACEMENT_3D('',#3195,#2551,#2552);
#2157=AXIS2_PLACEMENT_3D('',#3199,#2554,#2555);
#2158=AXIS2_PLACEMENT_3D('',#3204,#2558,#2559);
#2159=AXIS2_PLACEMENT_3D('',#3208,#2561,#2562);
#2160=AXIS2_PLACEMENT_3D('',#3212,#2564,#2565);
#2161=AXIS2_PLACEMENT_3D('',#3216,#2567,#2568);
#2162=AXIS2_PLACEMENT_3D('',#3220,#2570,#2571);
#2163=AXIS2_PLACEMENT_3D('',#3223,#2573,#2574);
#2164=AXIS2_PLACEMENT_3D('',#3225,#2575,#2576);
#2165=AXIS2_PLACEMENT_3D('',#3230,#2578,#2579);
#2166=AXIS2_PLACEMENT_3D('',#3234,#2581,#2582);
#2167=AXIS2_PLACEMENT_3D('',#3238,#2584,#2585);
#2168=AXIS2_PLACEMENT_3D('',#3241,#2587,#2588);
#2169=AXIS2_PLACEMENT_3D('',#3243,#2589,#2590);
#2170=AXIS2_PLACEMENT_3D('',#3244,#2591,#2592);
#2171=AXIS2_PLACEMENT_3D('',#3247,#2594,#2595);
#2172=AXIS2_PLACEMENT_3D('',#3248,#2596,#2597);
#2173=AXIS2_PLACEMENT_3D('',#3250,#2598,#2599);
#2174=AXIS2_PLACEMENT_3D('',#3252,#2600,#2601);
#2175=AXIS2_PLACEMENT_3D('',#3253,#2602,#2603);
#2176=AXIS2_PLACEMENT_3D('',#3254,#2604,#2605);
#2177=AXIS2_PLACEMENT_3D('',#3257,#2607,#2608);
#2178=AXIS2_PLACEMENT_3D('',#3258,#2609,#2610);
#2179=AXIS2_PLACEMENT_3D('',#3260,#2611,#2612);
#2180=AXIS2_PLACEMENT_3D('',#3262,#2613,#2614);
#2181=AXIS2_PLACEMENT_3D('',#3263,#2615,#2616);
#2182=AXIS2_PLACEMENT_3D('',#3264,#2617,#2618);
#2183=AXIS2_PLACEMENT_3D('',#3267,#2620,#2621);
#2184=AXIS2_PLACEMENT_3D('',#3268,#2622,#2623);
#2185=AXIS2_PLACEMENT_3D('',#3270,#2624,#2625);
#2186=AXIS2_PLACEMENT_3D('',#3272,#2626,#2627);
#2187=AXIS2_PLACEMENT_3D('',#3273,#2628,#2629);
#2188=AXIS2_PLACEMENT_3D('',#3274,#2630,#2631);
#2189=AXIS2_PLACEMENT_3D('',#3277,#2633,#2634);
#2190=AXIS2_PLACEMENT_3D('',#3278,#2635,#2636);
#2191=AXIS2_PLACEMENT_3D('',#3281,#2637,#2638);
#2192=AXIS2_PLACEMENT_3D('',#3285,#2640,#2641);
#2193=AXIS2_PLACEMENT_3D('',#3287,#2643,#2644);
#2194=AXIS2_PLACEMENT_3D('',#3294,#2649,#2650);
#2195=AXIS2_PLACEMENT_3D('',#3297,#2651,#2652);
#2196=AXIS2_PLACEMENT_3D('',#3301,#2654,#2655);
#2197=AXIS2_PLACEMENT_3D('',#3303,#2657,#2658);
#2198=AXIS2_PLACEMENT_3D('',#3306,#2660,#2661);
#2199=AXIS2_PLACEMENT_3D('',#3307,#2662,#2663);
#2200=AXIS2_PLACEMENT_3D('',#3311,#2666,#2667);
#2201=AXIS2_PLACEMENT_3D('',#3313,#2668,#2669);
#2202=AXIS2_PLACEMENT_3D('',#3315,#2671,#2672);
#2203=AXIS2_PLACEMENT_3D('',#3319,#2675,#2676);
#2204=AXIS2_PLACEMENT_3D('',#3321,#2677,#2678);
#2205=AXIS2_PLACEMENT_3D('',#3323,#2680,#2681);
#2206=AXIS2_PLACEMENT_3D('',#3328,#2685,#2686);
#2207=AXIS2_PLACEMENT_3D('',#3329,#2687,#2688);
#2208=AXIS2_PLACEMENT_3D('',#3330,#2689,#2690);
#2209=AXIS2_PLACEMENT_3D('',#3332,#2691,#2692);
#2210=AXIS2_PLACEMENT_3D('',#3335,#2694,#2695);
#2211=AXIS2_PLACEMENT_3D('',#3336,#2696,#2697);
#2212=AXIS2_PLACEMENT_3D('',#3339,#2698,#2699);
#2213=AXIS2_PLACEMENT_3D('',#3343,#2701,#2702);
#2214=AXIS2_PLACEMENT_3D('',#3345,#2704,#2705);
#2215=AXIS2_PLACEMENT_3D('',#3348,#2708,#2709);
#2216=AXIS2_PLACEMENT_3D('',#3350,#2710,#2711);
#2217=AXIS2_PLACEMENT_3D('',#3353,#2713,#2714);
#2218=AXIS2_PLACEMENT_3D('',#3354,#2715,#2716);
#2219=AXIS2_PLACEMENT_3D('',#3360,#2720,#2721);
#2220=AXIS2_PLACEMENT_3D('',#3362,#2722,#2723);
#2221=AXIS2_PLACEMENT_3D('',#3364,#2724,#2725);
#2222=AXIS2_PLACEMENT_3D('',#3366,#2727,#2728);
#2223=AXIS2_PLACEMENT_3D('',#3369,#2731,#2732);
#2224=AXIS2_PLACEMENT_3D('',#3372,#2733,#2734);
#2225=AXIS2_PLACEMENT_3D('',#3375,#2737,#2738);
#2226=AXIS2_PLACEMENT_3D('',#3379,#2741,#2742);
#2227=AXIS2_PLACEMENT_3D('',#3382,#2744,#2745);
#2228=AXIS2_PLACEMENT_3D('',#3386,#2747,#2748);
#2229=AXIS2_PLACEMENT_3D('',#3394,#2753,#2754);
#2230=AXIS2_PLACEMENT_3D('',#3397,#2756,#2757);
#2231=AXIS2_PLACEMENT_3D('',#3401,#2759,#2760);
#2232=AXIS2_PLACEMENT_3D('',#3405,#2762,#2763);
#2233=AXIS2_PLACEMENT_3D('',#3409,#2765,#2766);
#2234=AXIS2_PLACEMENT_3D('',#3413,#2768,#2769);
#2235=AXIS2_PLACEMENT_3D('',#3417,#2771,#2772);
#2236=AXIS2_PLACEMENT_3D('',#3423,#2776,#2777);
#2237=AXIS2_PLACEMENT_3D('',#3427,#2779,#2780);
#2238=AXIS2_PLACEMENT_3D('',#3430,#2782,#2783);
#2239=AXIS2_PLACEMENT_3D('',#3432,#2784,#2785);
#2240=AXIS2_PLACEMENT_3D('',#3434,#2786,#2787);
#2241=AXIS2_PLACEMENT_3D('',#3436,#2788,#2789);
#2242=AXIS2_PLACEMENT_3D('',#3437,#2790,#2791);
#2243=AXIS2_PLACEMENT_3D('',#3440,#2794,#2795);
#2244=AXIS2_PLACEMENT_3D('',#3442,#2797,#2798);
#2245=AXIS2_PLACEMENT_3D('',#3445,#2801,#2802);
#2246=AXIS2_PLACEMENT_3D('',#3447,#2804,#2805);
#2247=AXIS2_PLACEMENT_3D('',#3448,#2806,#2807);
#2248=AXIS2_PLACEMENT_3D('',#3450,#2808,#2809);
#2249=AXIS2_PLACEMENT_3D('',#3451,#2810,#2811);
#2250=AXIS2_PLACEMENT_3D('',#3453,#2813,#2814);
#2251=AXIS2_PLACEMENT_3D('',#3455,#2815,#2816);
#2252=AXIS2_PLACEMENT_3D('',#3456,#2817,#2818);
#2253=AXIS2_PLACEMENT_3D('',#3458,#2820,#2821);
#2254=AXIS2_PLACEMENT_3D('',#3460,#2822,#2823);
#2255=AXIS2_PLACEMENT_3D('',#3461,#2824,#2825);
#2256=AXIS2_PLACEMENT_3D('',#3463,#2827,#2828);
#2257=AXIS2_PLACEMENT_3D('',#3465,#2829,#2830);
#2258=AXIS2_PLACEMENT_3D('',#3466,#2831,#2832);
#2259=AXIS2_PLACEMENT_3D('',#3468,#2834,#2835);
#2260=AXIS2_PLACEMENT_3D('',#3469,#2836,#2837);
#2261=AXIS2_PLACEMENT_3D('',#3470,#2838,#2839);
#2262=AXIS2_PLACEMENT_3D('',#3474,#2842,#2843);
#2263=AXIS2_PLACEMENT_3D('',#3476,#2845,#2846);
#2264=AXIS2_PLACEMENT_3D('',#3478,#2848,#2849);
#2265=AXIS2_PLACEMENT_3D('',#3481,#2852,#2853);
#2266=AXIS2_PLACEMENT_3D('',#3482,#2854,#2855);
#2267=AXIS2_PLACEMENT_3D('',#3484,#2857,#2858);
#2268=AXIS2_PLACEMENT_3D('',#3485,#2859,#2860);
#2269=AXIS2_PLACEMENT_3D('',#3487,#2862,#2863);
#2270=AXIS2_PLACEMENT_3D('',#3488,#2864,#2865);
#2271=AXIS2_PLACEMENT_3D('',#3489,#2866,#2867);
#2272=AXIS2_PLACEMENT_3D('',#3490,#2868,#2869);
#2273=AXIS2_PLACEMENT_3D('',#3492,#2871,#2872);
#2274=AXIS2_PLACEMENT_3D('',#3494,#2874,#2875);
#2275=AXIS2_PLACEMENT_3D('',#3496,#2877,#2878);
#2276=AXIS2_PLACEMENT_3D('',#3498,#2880,#2881);
#2277=AXIS2_PLACEMENT_3D('',#3500,#2883,#2884);
#2278=AXIS2_PLACEMENT_3D('',#3501,#2885,#2886);
#2279=AXIS2_PLACEMENT_3D('',#3503,#2888,#2889);
#2280=AXIS2_PLACEMENT_3D('',#3505,#2891,#2892);
#2281=AXIS2_PLACEMENT_3D('',#3506,#2893,#2894);
#2282=AXIS2_PLACEMENT_3D('',#3508,#2896,#2897);
#2283=AXIS2_PLACEMENT_3D('',#3510,#2899,#2900);
#2284=AXIS2_PLACEMENT_3D('',#3512,#2902,#2903);
#2285=AXIS2_PLACEMENT_3D('',#3513,#2904,#2905);
#2286=AXIS2_PLACEMENT_3D('',#3515,#2907,#2908);
#2287=DIRECTION('axis',(0.,0.,1.));
#2288=DIRECTION('refdir',(1.,0.,0.));
#2289=DIRECTION('center_axis',(0.,0.,-1.));
#2290=DIRECTION('ref_axis',(-0.707106781186552,-0.707106781186543,0.));
#2291=DIRECTION('center_axis',(0.,0.436273506519775,-0.899814107196003));
#2292=DIRECTION('ref_axis',(0.,-0.899814107196003,-0.436273506519775));
#2293=DIRECTION('',(0.,0.,1.));
#2294=DIRECTION('center_axis',(0.,0.,1.));
#2295=DIRECTION('ref_axis',(-0.707106781186552,-0.707106781186543,0.));
#2296=DIRECTION('',(0.,0.,-1.));
#2297=DIRECTION('center_axis',(-1.,6.76206423745689E-15,0.));
#2298=DIRECTION('ref_axis',(6.76206423745689E-15,1.,0.));
#2299=DIRECTION('',(6.08460079462929E-15,0.899814107196003,0.436273506519775));
#2300=DIRECTION('',(9.33249158567561E-30,1.38012465690291E-15,1.));
#2301=DIRECTION('',(-6.76206423745689E-15,-1.,0.));
#2302=DIRECTION('',(0.,0.,-1.));
#2303=DIRECTION('',(6.76206423745689E-15,1.,0.));
#2304=DIRECTION('center_axis',(9.33249158567561E-30,1.38012465690291E-15,
1.));
#2305=DIRECTION('ref_axis',(-0.707106781186552,-0.707106781186543,7.85046229341892E-16));
#2306=DIRECTION('center_axis',(0.,0.436273506519775,-0.899814107196003));
#2307=DIRECTION('ref_axis',(0.,-0.899814107196003,-0.436273506519775));
#2308=DIRECTION('',(-9.33249158567561E-30,-1.38012465690291E-15,-1.));
#2309=DIRECTION('center_axis',(0.,0.,-1.));
#2310=DIRECTION('ref_axis',(-0.707106781186552,-0.707106781186543,7.85046229341892E-16));
#2311=DIRECTION('center_axis',(0.,-1.,1.38012465690291E-15));
#2312=DIRECTION('ref_axis',(0.,1.38012465690291E-15,1.));
#2313=DIRECTION('',(-1.,0.,0.));
#2314=DIRECTION('',(8.88808722445288E-30,1.38012465690291E-15,1.));
#2315=DIRECTION('',(1.,0.,0.));
#2316=DIRECTION('center_axis',(0.,0.,-1.));
#2317=DIRECTION('ref_axis',(0.707106781186541,-0.707106781186554,0.));
#2318=DIRECTION('center_axis',(0.,0.436273506519775,-0.899814107196003));
#2319=DIRECTION('ref_axis',(6.24371462307207E-17,-0.899814107196003,-0.436273506519775));
#2320=DIRECTION('',(0.,0.,1.));
#2321=DIRECTION('center_axis',(0.,0.,1.));
#2322=DIRECTION('ref_axis',(0.707106781186541,-0.707106781186554,0.));
#2323=DIRECTION('',(0.,0.,-1.));
#2324=DIRECTION('center_axis',(-7.14646918341715E-15,-1.,0.));
#2325=DIRECTION('ref_axis',(-1.,7.14646918341715E-15,0.));
#2326=DIRECTION('',(-1.,7.14646918341715E-15,0.));
#2327=DIRECTION('',(-1.,7.14646918341715E-15,3.46495475560017E-15));
#2328=DIRECTION('center_axis',(-8.88808722445288E-30,-1.38012465690291E-15,
-1.));
#2329=DIRECTION('ref_axis',(0.707106781186548,-0.707106781186548,7.85046229341883E-16));
#2330=DIRECTION('center_axis',(0.,0.436273506519775,-0.899814107196003));
#2331=DIRECTION('ref_axis',(0.,-0.899814107196003,-0.436273506519775));
#2332=DIRECTION('',(-8.88808722445288E-30,-1.38012465690291E-15,-1.));
#2333=DIRECTION('center_axis',(0.,0.,-1.));
#2334=DIRECTION('ref_axis',(0.707106781186548,-0.707106781186548,7.85046229341883E-16));
#2335=DIRECTION('center_axis',(1.,-6.44006117853031E-15,0.));
#2336=DIRECTION('ref_axis',(-6.44006117853031E-15,-1.,0.));
#2337=DIRECTION('',(-6.44006117853031E-15,-1.,0.));
#2338=DIRECTION('',(0.,0.,1.));
#2339=DIRECTION('',(6.44006117853031E-15,1.,0.));
#2340=DIRECTION('',(0.,-0.899814107196003,-0.436273506519775));
#2341=DIRECTION('center_axis',(0.,0.,-1.));
#2342=DIRECTION('ref_axis',(0.707106781186553,-0.707106781186542,0.));
#2343=DIRECTION('center_axis',(-0.436273506519772,0.,-0.899814107196005));
#2344=DIRECTION('ref_axis',(0.899814107196005,0.,-0.436273506519772));
#2345=DIRECTION('',(0.,0.,1.));
#2346=DIRECTION('center_axis',(0.,0.,1.));
#2347=DIRECTION('ref_axis',(0.707106781186553,-0.707106781186542,0.));
#2348=DIRECTION('',(0.,0.,-1.));
#2349=DIRECTION('center_axis',(7.31016427745752E-15,-1.,0.));
#2350=DIRECTION('ref_axis',(-1.,-7.31016427745752E-15,0.));
#2351=DIRECTION('',(-0.899814107196005,-6.57778894277657E-15,0.436273506519772));
#2352=DIRECTION('',(-6.90062328451455E-16,-5.04446898266499E-30,1.));
#2353=DIRECTION('',(1.,7.31016427745752E-15,0.));
#2354=DIRECTION('',(0.,0.,-1.));
#2355=DIRECTION('',(-1.,-7.31016427745752E-15,0.));
#2356=DIRECTION('center_axis',(-6.90062328451455E-16,-5.04446898266499E-30,
1.));
#2357=DIRECTION('ref_axis',(0.70710678118655,-0.707106781186545,0.));
#2358=DIRECTION('center_axis',(-0.436273506519772,0.,-0.899814107196005));
#2359=DIRECTION('ref_axis',(0.899814107196005,-6.24371462307208E-17,-0.436273506519772));
#2360=DIRECTION('',(6.90062328451455E-16,5.04446898266499E-30,-1.));
#2361=DIRECTION('center_axis',(0.,0.,-1.));
#2362=DIRECTION('ref_axis',(0.70710678118655,-0.707106781186545,0.));
#2363=DIRECTION('center_axis',(1.,0.,6.90062328451455E-16));
#2364=DIRECTION('ref_axis',(-6.90062328451455E-16,0.,1.));
#2365=DIRECTION('',(0.,-1.,0.));
#2366=DIRECTION('',(-6.90062328451455E-16,-4.48397242903557E-30,1.));
#2367=DIRECTION('',(0.,1.,0.));
#2368=DIRECTION('center_axis',(0.,0.,-1.));
#2369=DIRECTION('ref_axis',(0.70710678118654,0.707106781186555,0.));
#2370=DIRECTION('center_axis',(-0.436273506519772,0.,-0.899814107196005));
#2371=DIRECTION('ref_axis',(0.899814107196005,0.,-0.436273506519772));
#2372=DIRECTION('',(0.,0.,1.));
#2373=DIRECTION('center_axis',(0.,0.,1.));
#2374=DIRECTION('ref_axis',(0.70710678118654,0.707106781186555,0.));
#2375=DIRECTION('',(0.,0.,-1.));
#2376=DIRECTION('center_axis',(1.,7.08266142285093E-15,0.));
#2377=DIRECTION('ref_axis',(7.08266142285093E-15,-1.,0.));
#2378=DIRECTION('',(7.08266142285093E-15,-1.,0.));
#2379=DIRECTION('',(7.08266142285093E-15,-1.,-3.43401765956799E-15));
#2380=DIRECTION('center_axis',(6.90062328451455E-16,4.48397242903557E-30,
-1.));
#2381=DIRECTION('ref_axis',(0.707106781186546,0.707106781186549,7.85046229341892E-16));
#2382=DIRECTION('center_axis',(-0.436273506519772,0.,-0.899814107196005));
#2383=DIRECTION('ref_axis',(0.899814107196005,-2.49748584922883E-16,-0.436273506519771));
#2384=DIRECTION('',(6.90062328451455E-16,4.48397242903557E-30,-1.));
#2385=DIRECTION('center_axis',(0.,0.,-1.));
#2386=DIRECTION('ref_axis',(0.707106781186546,0.707106781186549,7.85046229341892E-16));
#2387=DIRECTION('center_axis',(-6.4979238021845E-15,1.,0.));
#2388=DIRECTION('ref_axis',(1.,6.4979238021845E-15,0.));
#2389=DIRECTION('',(1.,6.4979238021845E-15,0.));
#2390=DIRECTION('',(0.,0.,1.));
#2391=DIRECTION('',(1.,6.4979238021845E-15,0.));
#2392=DIRECTION('',(0.,0.,-1.));
#2393=DIRECTION('',(-1.,0.,0.));
#2394=DIRECTION('',(0.899814107196005,0.,-0.436273506519772));
#2395=DIRECTION('center_axis',(0.,0.,1.));
#2396=DIRECTION('ref_axis',(0.707106781186545,0.70710678118655,0.));
#2397=DIRECTION('center_axis',(0.,0.,-1.));
#2398=DIRECTION('ref_axis',(0.707106781186545,0.70710678118655,0.));
#2399=DIRECTION('',(0.,0.,-1.));
#2400=DIRECTION('center_axis',(0.,0.,-1.));
#2401=DIRECTION('ref_axis',(0.707106781186545,0.70710678118655,0.));
#2402=DIRECTION('',(0.,0.,1.));
#2403=DIRECTION('center_axis',(0.,1.,0.));
#2404=DIRECTION('ref_axis',(0.,0.,1.));
#2405=DIRECTION('',(1.,0.,0.));
#2406=DIRECTION('',(0.,0.,1.));
#2407=DIRECTION('',(-1.,0.,0.));
#2408=DIRECTION('center_axis',(0.,0.,-1.));
#2409=DIRECTION('ref_axis',(-0.707106781186549,-0.707106781186546,0.));
#2410=DIRECTION('center_axis',(0.43627350651977,0.,-0.899814107196005));
#2411=DIRECTION('ref_axis',(-0.899814107196005,6.24371462307209E-17,-0.43627350651977));
#2412=DIRECTION('',(0.,0.,1.));
#2413=DIRECTION('center_axis',(0.,0.,1.));
#2414=DIRECTION('ref_axis',(-0.707106781186549,-0.707106781186546,0.));
#2415=DIRECTION('',(0.,0.,-1.));
#2416=DIRECTION('center_axis',(-1.,6.5980859712839E-15,0.));
#2417=DIRECTION('ref_axis',(6.5980859712839E-15,1.,0.));
#2418=DIRECTION('',(6.5980859712839E-15,1.,3.19907198608067E-15));
#2419=DIRECTION('',(0.,0.,-1.));
#2420=DIRECTION('',(6.5980859712839E-15,1.,0.));
#2421=DIRECTION('center_axis',(0.,0.,-1.));
#2422=DIRECTION('ref_axis',(-0.707106781186546,-0.707106781186549,0.));
#2423=DIRECTION('center_axis',(0.43627350651977,0.,-0.899814107196005));
#2424=DIRECTION('ref_axis',(-0.899814107196005,-6.24371462307209E-17,-0.43627350651977));
#2425=DIRECTION('',(0.,0.,-1.));
#2426=DIRECTION('center_axis',(0.,0.,-1.));
#2427=DIRECTION('ref_axis',(-0.707106781186546,-0.707106781186549,0.));
#2428=DIRECTION('',(0.,0.,1.));
#2429=DIRECTION('center_axis',(-5.08469320094951E-15,-1.,0.));
#2430=DIRECTION('ref_axis',(-1.,5.08469320094951E-15,0.));
#2431=DIRECTION('',(-1.,5.08469320094951E-15,0.));
#2432=DIRECTION('',(0.,0.,1.));
#2433=DIRECTION('',(1.,-5.08469320094951E-15,0.));
#2434=DIRECTION('',(-0.899814107196005,0.,-0.43627350651977));
#2435=DIRECTION('center_axis',(0.,0.,1.));
#2436=DIRECTION('ref_axis',(-0.707106781186573,0.707106781186523,0.));
#2437=DIRECTION('center_axis',(0.,0.,-1.));
#2438=DIRECTION('ref_axis',(-0.707106781186573,0.707106781186523,0.));
#2439=DIRECTION('',(0.,0.,-1.));
#2440=DIRECTION('center_axis',(0.,0.,-1.));
#2441=DIRECTION('ref_axis',(-0.707106781186573,0.707106781186523,0.));
#2442=DIRECTION('',(0.,0.,1.));
#2443=DIRECTION('center_axis',(1.,3.5578587861418E-14,0.));
#2444=DIRECTION('ref_axis',(0.,0.,-1.));
#2445=DIRECTION('',(3.5578587861418E-14,-1.,0.));
#2446=DIRECTION('',(0.,0.,1.));
#2447=DIRECTION('',(3.5578587861418E-14,-1.,0.));
#2448=DIRECTION('center_axis',(0.,0.,1.));
#2449=DIRECTION('ref_axis',(-0.707106781186548,0.707106781186548,0.));
#2450=DIRECTION('center_axis',(0.43627350651977,0.,-0.899814107196005));
#2451=DIRECTION('ref_axis',(-0.899814107196005,0.,-0.43627350651977));
#2452=DIRECTION('',(0.,0.,-1.));
#2453=DIRECTION('center_axis',(0.,0.,-1.));
#2454=DIRECTION('ref_axis',(-0.707106781186548,0.707106781186548,0.));
#2455=DIRECTION('',(0.,0.,1.));
#2456=DIRECTION('center_axis',(-0.43627350651977,0.,0.899814107196005));
#2457=DIRECTION('ref_axis',(0.899814107196005,0.,0.43627350651977));
#2458=DIRECTION('',(0.,1.,0.));
#2459=DIRECTION('',(0.899814107196005,-4.72286830759019E-15,0.43627350651977));
#2460=DIRECTION('center_axis',(0.43627350651977,0.,-0.899814107196005));
#2461=DIRECTION('ref_axis',(-0.899814107196005,3.12185731153604E-16,-0.43627350651977));
#2462=DIRECTION('center_axis',(5.24871556227048E-15,1.,0.));
#2463=DIRECTION('ref_axis',(1.,-5.24871556227048E-15,0.));
#2464=DIRECTION('',(-1.,5.24871556227048E-15,0.));
#2465=DIRECTION('',(1.,-5.24871556227048E-15,0.));
#2466=DIRECTION('',(0.,0.,-1.));
#2467=DIRECTION('',(1.,-5.24871556227048E-15,0.));
#2468=DIRECTION('',(0.,0.,1.));
#2469=DIRECTION('center_axis',(0.,0.,-1.));
#2470=DIRECTION('ref_axis',(-0.707106781186544,0.707106781186551,0.));
#2471=DIRECTION('center_axis',(0.,0.,1.));
#2472=DIRECTION('ref_axis',(-0.707106781186544,0.707106781186551,0.));
#2473=DIRECTION('center_axis',(0.,0.,-1.));
#2474=DIRECTION('ref_axis',(0.707106781186541,0.707106781186554,0.));
#2475=DIRECTION('center_axis',(0.,0.,1.));
#2476=DIRECTION('ref_axis',(0.707106781186541,0.707106781186554,0.));
#2477=DIRECTION('',(0.,0.,1.));
#2478=DIRECTION('center_axis',(0.,0.,1.));
#2479=DIRECTION('ref_axis',(0.707106781186541,0.707106781186554,0.));
#2480=DIRECTION('',(0.,0.,-1.));
#2481=DIRECTION('center_axis',(-1.,0.,0.));
#2482=DIRECTION('ref_axis',(0.,0.,-1.));
#2483=DIRECTION('',(0.,-1.,0.));
#2484=DIRECTION('',(0.,0.,1.));
#2485=DIRECTION('',(0.,-1.,0.));
#2486=DIRECTION('center_axis',(0.,0.,1.));
#2487=DIRECTION('ref_axis',(-0.707106781186535,0.70710678118656,0.));
#2488=DIRECTION('center_axis',(0.,0.,1.));
#2489=DIRECTION('ref_axis',(-0.707106781186535,0.70710678118656,0.));
#2490=DIRECTION('',(0.,0.,1.));
#2491=DIRECTION('center_axis',(0.,0.,1.));
#2492=DIRECTION('ref_axis',(-0.707106781186535,0.70710678118656,0.));
#2493=DIRECTION('',(0.,0.,-1.));
#2494=DIRECTION('center_axis',(6.40084103300016E-15,1.,0.));
#2495=DIRECTION('ref_axis',(-1.,6.40084103300016E-15,0.));
#2496=DIRECTION('',(-1.,6.40084103300016E-15,0.));
#2497=DIRECTION('',(1.,-6.40084103300016E-15,0.));
#2498=DIRECTION('',(0.,0.,1.));
#2499=DIRECTION('',(-1.,6.40084103300016E-15,0.));
#2500=DIRECTION('',(-1.,6.40084103300016E-15,0.));
#2501=DIRECTION('center_axis',(0.,0.,1.));
#2502=DIRECTION('ref_axis',(0.707106781186548,-0.707106781186548,0.));
#2503=DIRECTION('center_axis',(0.,0.,-1.));
#2504=DIRECTION('ref_axis',(0.707106781186548,-0.707106781186548,0.));
#2505=DIRECTION('',(0.,0.,-1.));
#2506=DIRECTION('center_axis',(0.,0.,-1.));
#2507=DIRECTION('ref_axis',(0.707106781186548,-0.707106781186548,0.));
#2508=DIRECTION('',(0.,0.,1.));
#2509=DIRECTION('center_axis',(1.,0.,0.));
#2510=DIRECTION('ref_axis',(0.,0.,1.));
#2511=DIRECTION('',(0.,1.,0.));
#2512=DIRECTION('',(0.,-1.,0.));
#2513=DIRECTION('center_axis',(0.,0.,-1.));
#2514=DIRECTION('ref_axis',(-0.707106781186541,-0.707106781186554,0.));
#2515=DIRECTION('center_axis',(0.,0.,-1.));
#2516=DIRECTION('ref_axis',(-0.707106781186541,-0.707106781186554,0.));
#2517=DIRECTION('',(0.,0.,-1.));
#2518=DIRECTION('center_axis',(0.,0.,-1.));
#2519=DIRECTION('ref_axis',(-0.707106781186541,-0.707106781186554,0.));
#2520=DIRECTION('center_axis',(0.,0.,1.));
#2521=DIRECTION('ref_axis',(-1.,0.,0.));
#2522=DIRECTION('',(-1.,0.,0.));
#2523=DIRECTION('center_axis',(0.,0.,-1.));
#2524=DIRECTION('ref_axis',(-1.,0.,0.));
#2525=DIRECTION('center_axis',(0.,0.,1.));
#2526=DIRECTION('ref_axis',(-1.,0.,0.));
#2527=DIRECTION('center_axis',(0.,-1.,0.));
#2528=DIRECTION('ref_axis',(1.,0.,0.));
#2529=DIRECTION('center_axis',(0.,0.,-1.));
#2530=DIRECTION('ref_axis',(-1.,0.,0.));
#2531=DIRECTION('center_axis',(0.,0.,-1.));
#2532=DIRECTION('ref_axis',(-1.,0.,0.));
#2533=DIRECTION('center_axis',(0.,0.,1.));
#2534=DIRECTION('ref_axis',(1.,0.,0.));
#2535=DIRECTION('center_axis',(0.,0.,-1.));
#2536=DIRECTION('ref_axis',(-0.707106781186537,-0.707106781186558,0.));
#2537=DIRECTION('',(-1.,-1.77849455332681E-14,0.));
#2538=DIRECTION('center_axis',(0.,0.,-1.));
#2539=DIRECTION('ref_axis',(-2.52573609490962E-6,-0.99999999999681,0.));
#2540=DIRECTION('',(-0.707106781186462,-0.707106781186633,0.));
#2541=DIRECTION('center_axis',(0.,0.,-1.));
#2542=DIRECTION('ref_axis',(0.707088189482729,-0.707125372401554,0.));
#2543=DIRECTION('',(-9.46211283139154E-15,-1.,0.));
#2544=DIRECTION('',(-9.46211283139154E-15,-1.,0.));
#2545=DIRECTION('center_axis',(0.,0.,-1.));
#2546=DIRECTION('ref_axis',(0.99999999999681,-2.52573608750805E-6,0.));
#2547=DIRECTION('',(0.70710678118672,-0.707106781186375,0.));
#2548=DIRECTION('center_axis',(0.,0.,-1.));
#2549=DIRECTION('ref_axis',(0.707105964951004,0.707107597421149,0.));
#2550=DIRECTION('',(1.,-6.40084103300016E-15,0.));
#2551=DIRECTION('center_axis',(0.,0.,-1.));
#2552=DIRECTION('ref_axis',(9.77518389744016E-7,0.999999999999522,0.));
#2553=DIRECTION('',(0.707106781186473,0.707106781186622,0.));
#2554=DIRECTION('center_axis',(0.,0.,-1.));
#2555=DIRECTION('ref_axis',(-0.707106049202958,0.707107513169379,0.));
#2556=DIRECTION('',(-1.7789293930709E-14,1.,0.));
#2557=DIRECTION('',(-1.7789293930709E-14,1.,0.));
#2558=DIRECTION('center_axis',(0.,0.,-1.));
#2559=DIRECTION('ref_axis',(-0.999999999999522,9.77518394184921E-7,0.));
#2560=DIRECTION('',(-0.707106781186622,0.707106781186473,0.));
#2561=DIRECTION('center_axis',(0.,0.,-1.));
#2562=DIRECTION('ref_axis',(-0.707107513169378,-0.707106049202959,0.));
#2563=DIRECTION('',(-1.,-1.77849455332681E-14,0.));
#2564=DIRECTION('center_axis',(0.,0.,-1.));
#2565=DIRECTION('ref_axis',(0.707106781186557,-0.707106781186538,0.));
#2566=DIRECTION('',(-8.14163551391792E-15,1.,0.));
#2567=DIRECTION('center_axis',(0.,0.,1.));
#2568=DIRECTION('ref_axis',(-0.707106781186553,0.707106781186542,0.));
#2569=DIRECTION('',(1.,8.26499362776515E-15,0.));
#2570=DIRECTION('center_axis',(0.,0.,1.));
#2571=DIRECTION('ref_axis',(0.707106781186542,0.707106781186553,0.));
#2572=DIRECTION('',(8.14163551391782E-15,-1.,0.));
#2573=DIRECTION('center_axis',(0.,0.,1.));
#2574=DIRECTION('ref_axis',(-1.,0.,0.));
#2575=DIRECTION('center_axis',(0.,0.,1.));
#2576=DIRECTION('ref_axis',(-1.,0.,0.));
#2577=DIRECTION('',(1.,0.,0.));
#2578=DIRECTION('center_axis',(0.,0.,1.));
#2579=DIRECTION('ref_axis',(0.707106781186548,0.707106781186548,0.));
#2580=DIRECTION('',(0.,-1.,0.));
#2581=DIRECTION('center_axis',(0.,0.,1.));
#2582=DIRECTION('ref_axis',(0.707106781186548,-0.707106781186548,0.));
#2583=DIRECTION('',(-1.,0.,0.));
#2584=DIRECTION('center_axis',(0.,0.,1.));
#2585=DIRECTION('ref_axis',(-0.707106781186551,-0.707106781186544,0.));
#2586=DIRECTION('',(-2.22044604925031E-16,1.,0.));
#2587=DIRECTION('center_axis',(0.,0.,1.));
#2588=DIRECTION('ref_axis',(-0.707106781186554,0.707106781186541,0.));
#2589=DIRECTION('center_axis',(0.,0.,1.));
#2590=DIRECTION('ref_axis',(-1.,0.,0.));
#2591=DIRECTION('center_axis',(0.,0.,-1.));
#2592=DIRECTION('ref_axis',(1.,0.,0.));
#2593=DIRECTION('',(0.,0.,-1.));
#2594=DIRECTION('center_axis',(0.,0.,-1.));
#2595=DIRECTION('ref_axis',(1.,0.,0.));
#2596=DIRECTION('center_axis',(0.,0.,-1.));
#2597=DIRECTION('ref_axis',(-1.,0.,0.));
#2598=DIRECTION('center_axis',(0.,-1.,0.));
#2599=DIRECTION('ref_axis',(1.,0.,0.));
#2600=DIRECTION('center_axis',(0.,0.,-1.));
#2601=DIRECTION('ref_axis',(-1.,0.,0.));
#2602=DIRECTION('center_axis',(0.,0.,-1.));
#2603=DIRECTION('ref_axis',(-1.,0.,0.));
#2604=DIRECTION('center_axis',(0.,0.,-1.));
#2605=DIRECTION('ref_axis',(1.,0.,0.));
#2606=DIRECTION('',(0.,0.,-1.));
#2607=DIRECTION('center_axis',(0.,0.,-1.));
#2608=DIRECTION('ref_axis',(1.,0.,0.));
#2609=DIRECTION('center_axis',(0.,0.,-1.));
#2610=DIRECTION('ref_axis',(-1.,0.,0.));
#2611=DIRECTION('center_axis',(0.,-1.,0.));
#2612=DIRECTION('ref_axis',(1.,0.,0.));
#2613=DIRECTION('center_axis',(0.,0.,-1.));
#2614=DIRECTION('ref_axis',(-1.,0.,0.));
#2615=DIRECTION('center_axis',(0.,0.,-1.));
#2616=DIRECTION('ref_axis',(-1.,0.,0.));
#2617=DIRECTION('center_axis',(0.,0.,-1.));
#2618=DIRECTION('ref_axis',(1.,0.,0.));
#2619=DIRECTION('',(0.,0.,-1.));
#2620=DIRECTION('center_axis',(0.,0.,-1.));
#2621=DIRECTION('ref_axis',(1.,0.,0.));
#2622=DIRECTION('center_axis',(0.,0.,-1.));
#2623=DIRECTION('ref_axis',(-1.,0.,0.));
#2624=DIRECTION('center_axis',(0.,-1.,0.));
#2625=DIRECTION('ref_axis',(1.,0.,0.));
#2626=DIRECTION('center_axis',(0.,0.,-1.));
#2627=DIRECTION('ref_axis',(-1.,0.,0.));
#2628=DIRECTION('center_axis',(0.,0.,-1.));
#2629=DIRECTION('ref_axis',(-1.,0.,0.));
#2630=DIRECTION('center_axis',(0.,0.,-1.));
#2631=DIRECTION('ref_axis',(1.,0.,0.));
#2632=DIRECTION('',(0.,0.,-1.));
#2633=DIRECTION('center_axis',(0.,0.,-1.));
#2634=DIRECTION('ref_axis',(1.,0.,0.));
#2635=DIRECTION('center_axis',(0.,0.,-1.));
#2636=DIRECTION('ref_axis',(-0.866025403784442,-0.499999999999995,0.));
#2637=DIRECTION('center_axis',(0.,0.,1.));
#2638=DIRECTION('ref_axis',(-0.866025403784442,-0.499999999999995,0.));
#2639=DIRECTION('',(0.,0.,1.));
#2640=DIRECTION('center_axis',(0.,0.,1.));
#2641=DIRECTION('ref_axis',(-0.866025403784442,-0.499999999999995,0.));
#2642=DIRECTION('',(0.,0.,-1.));
#2643=DIRECTION('center_axis',(1.,0.,0.));
#2644=DIRECTION('ref_axis',(0.,-1.,0.));
#2645=DIRECTION('',(0.,1.,0.));
#2646=DIRECTION('',(0.,0.,-1.));
#2647=DIRECTION('',(0.,0.,1.));
#2648=DIRECTION('',(0.,1.,0.));
#2649=DIRECTION('center_axis',(0.,0.,1.));
#2650=DIRECTION('ref_axis',(0.866025403784442,-0.499999999999995,0.));
#2651=DIRECTION('center_axis',(0.,0.,1.));
#2652=DIRECTION('ref_axis',(0.866025403784442,-0.499999999999995,0.));
#2653=DIRECTION('',(0.,0.,-1.));
#2654=DIRECTION('center_axis',(0.,0.,1.));
#2655=DIRECTION('ref_axis',(0.866025403784442,-0.499999999999995,0.));
#2656=DIRECTION('',(0.,0.,1.));
#2657=DIRECTION('center_axis',(0.,0.,-1.));
#2658=DIRECTION('ref_axis',(0.707106781186548,0.707106781186548,0.));
#2659=DIRECTION('',(0.,0.,-1.));
#2660=DIRECTION('center_axis',(0.,0.,-1.));
#2661=DIRECTION('ref_axis',(0.707106781186548,0.707106781186548,0.));
#2662=DIRECTION('center_axis',(0.,1.,0.));
#2663=DIRECTION('ref_axis',(1.,0.,0.));
#2664=DIRECTION('',(0.,0.,1.));
#2665=DIRECTION('',(-1.,0.,0.));
#2666=DIRECTION('center_axis',(0.,0.,-1.));
#2667=DIRECTION('ref_axis',(0.707106781186548,-0.707106781186548,0.));
#2668=DIRECTION('center_axis',(0.,0.,-1.));
#2669=DIRECTION('ref_axis',(0.707106781186548,-0.707106781186548,0.));
#2670=DIRECTION('',(0.,0.,1.));
#2671=DIRECTION('center_axis',(0.,1.,0.));
#2672=DIRECTION('ref_axis',(-1.,0.,0.));
#2673=DIRECTION('',(-1.,0.,0.));
#2674=DIRECTION('',(0.,0.,-1.));
#2675=DIRECTION('center_axis',(0.,0.,1.));
#2676=DIRECTION('ref_axis',(-0.707106781186551,-0.707106781186544,0.));
#2677=DIRECTION('center_axis',(0.,0.,-1.));
#2678=DIRECTION('ref_axis',(-0.707106781186551,-0.707106781186544,0.));
#2679=DIRECTION('',(0.,0.,1.));
#2680=DIRECTION('center_axis',(-1.,-2.22044604925031E-16,0.));
#2681=DIRECTION('ref_axis',(-2.22044604925031E-16,1.,0.));
#2682=DIRECTION('',(2.22044604925031E-16,-1.,0.));
#2683=DIRECTION('',(0.,0.,-1.));
#2684=DIRECTION('',(2.22044604925031E-16,-1.,0.));
#2685=DIRECTION('center_axis',(0.,0.,-1.));
#2686=DIRECTION('ref_axis',(-0.707106781186554,0.707106781186541,0.));
#2687=DIRECTION('center_axis',(0.,0.,-1.));
#2688=DIRECTION('ref_axis',(-0.707106781186554,0.707106781186541,0.));
#2689=DIRECTION('center_axis',(0.,0.,1.));
#2690=DIRECTION('ref_axis',(-0.707106781186544,0.707106781186551,0.));
#2691=DIRECTION('center_axis',(0.,0.,-1.));
#2692=DIRECTION('ref_axis',(-0.707106781186544,0.707106781186551,0.));
#2693=DIRECTION('',(0.,0.,-1.));
#2694=DIRECTION('center_axis',(0.,0.,-1.));
#2695=DIRECTION('ref_axis',(-0.707106781186544,0.707106781186551,0.));
#2696=DIRECTION('center_axis',(0.,0.,1.));
#2697=DIRECTION('ref_axis',(-0.707106781186546,-0.707106781186549,0.));
#2698=DIRECTION('center_axis',(0.,0.,-1.));
#2699=DIRECTION('ref_axis',(-0.707106781186546,-0.707106781186549,0.));
#2700=DIRECTION('',(0.,0.,-1.));
#2701=DIRECTION('center_axis',(0.,0.,-1.));
#2702=DIRECTION('ref_axis',(-0.707106781186546,-0.707106781186549,0.));
#2703=DIRECTION('',(0.,0.,1.));
#2704=DIRECTION('center_axis',(-1.,0.,0.));
#2705=DIRECTION('ref_axis',(0.,-1.,0.));
#2706=DIRECTION('',(0.,-1.,0.));
#2707=DIRECTION('',(0.,-1.,0.));
#2708=DIRECTION('center_axis',(0.,0.,1.));
#2709=DIRECTION('ref_axis',(0.707106781186544,0.707106781186551,0.));
#2710=DIRECTION('center_axis',(0.,0.,-1.));
#2711=DIRECTION('ref_axis',(0.707106781186544,0.707106781186551,0.));
#2712=DIRECTION('',(0.,0.,1.));
#2713=DIRECTION('center_axis',(0.,0.,-1.));
#2714=DIRECTION('ref_axis',(0.707106781186544,0.707106781186551,0.));
#2715=DIRECTION('center_axis',(1.,2.85485920617897E-15,0.));
#2716=DIRECTION('ref_axis',(-2.85485920617897E-15,1.,0.));
#2717=DIRECTION('',(-2.85485920617897E-15,1.,0.));
#2718=DIRECTION('',(0.,0.,-1.));
#2719=DIRECTION('',(-2.85485920617897E-15,1.,0.));
#2720=DIRECTION('center_axis',(0.,0.,1.));
#2721=DIRECTION('ref_axis',(0.707106781186546,-0.707106781186549,0.));
#2722=DIRECTION('center_axis',(0.,0.,-1.));
#2723=DIRECTION('ref_axis',(0.707106781186546,-0.707106781186549,0.));
#2724=DIRECTION('center_axis',(0.,0.,-1.));
#2725=DIRECTION('ref_axis',(0.707106781186546,-0.707106781186549,0.));
#2726=DIRECTION('',(0.,0.,1.));
#2727=DIRECTION('center_axis',(0.,-1.,0.));
#2728=DIRECTION('ref_axis',(1.,0.,0.));
#2729=DIRECTION('',(1.,0.,0.));
#2730=DIRECTION('',(1.,0.,0.));
#2731=DIRECTION('center_axis',(0.,0.,-1.));
#2732=DIRECTION('ref_axis',(-0.707106781186537,-0.707106781186558,0.));
#2733=DIRECTION('center_axis',(0.,0.,1.));
#2734=DIRECTION('ref_axis',(-0.707106781186537,-0.707106781186558,0.));
#2735=DIRECTION('',(0.,0.,1.));
#2736=DIRECTION('',(0.,0.,-1.));
#2737=DIRECTION('center_axis',(1.77849455332681E-14,-1.,0.));
#2738=DIRECTION('ref_axis',(1.,1.77849455332681E-14,0.));
#2739=DIRECTION('',(1.,1.77849455332681E-14,0.));
#2740=DIRECTION('',(0.,0.,1.));
#2741=DIRECTION('center_axis',(0.,0.,1.));
#2742=DIRECTION('ref_axis',(-1.,0.,0.));
#2743=DIRECTION('',(1.,0.,0.));
#2744=DIRECTION('center_axis',(0.,0.,1.));
#2745=DIRECTION('ref_axis',(0.707105964951004,0.707107597421149,0.));
#2746=DIRECTION('',(-0.70710678118672,0.707106781186375,0.));
#2747=DIRECTION('center_axis',(0.,0.,1.));
#2748=DIRECTION('ref_axis',(0.99999999999681,-2.52573608750805E-6,0.));
#2749=DIRECTION('',(9.46211283139154E-15,1.,0.));
#2750=DIRECTION('',(-1.,-3.5578587861418E-14,0.));
#2751=DIRECTION('',(0.,-1.,0.));
#2752=DIRECTION('',(9.46211283139154E-15,1.,0.));
#2753=DIRECTION('center_axis',(0.,0.,1.));
#2754=DIRECTION('ref_axis',(0.707088189482729,-0.707125372401554,0.));
#2755=DIRECTION('',(0.707106781186462,0.707106781186633,0.));
#2756=DIRECTION('center_axis',(0.,0.,1.));
#2757=DIRECTION('ref_axis',(-2.52573609490962E-6,-0.99999999999681,0.));
#2758=DIRECTION('',(-8.14163551391782E-15,1.,0.));
#2759=DIRECTION('center_axis',(0.,0.,-1.));
#2760=DIRECTION('ref_axis',(0.707106781186542,0.707106781186553,0.));
#2761=DIRECTION('',(-1.,-8.26499362776515E-15,0.));
#2762=DIRECTION('center_axis',(0.,0.,-1.));
#2763=DIRECTION('ref_axis',(-0.707106781186553,0.707106781186542,0.));
#2764=DIRECTION('',(8.14163551391792E-15,-1.,0.));
#2765=DIRECTION('center_axis',(0.,0.,1.));
#2766=DIRECTION('ref_axis',(0.707106781186557,-0.707106781186538,0.));
#2767=DIRECTION('',(1.,1.77849455332681E-14,0.));
#2768=DIRECTION('center_axis',(0.,0.,1.));
#2769=DIRECTION('ref_axis',(-0.707107513169378,-0.707106049202959,0.));
#2770=DIRECTION('',(0.707106781186622,-0.707106781186473,0.));
#2771=DIRECTION('center_axis',(0.,0.,1.));
#2772=DIRECTION('ref_axis',(-0.999999999999522,9.77518394184921E-7,0.));
#2773=DIRECTION('',(1.7789293930709E-14,-1.,0.));
#2774=DIRECTION('',(0.,1.,0.));
#2775=DIRECTION('',(1.7789293930709E-14,-1.,0.));
#2776=DIRECTION('center_axis',(0.,0.,1.));
#2777=DIRECTION('ref_axis',(-0.707106049202958,0.707107513169379,0.));
#2778=DIRECTION('',(-0.707106781186473,-0.707106781186622,0.));
#2779=DIRECTION('center_axis',(0.,0.,1.));
#2780=DIRECTION('ref_axis',(9.77518389744016E-7,0.999999999999522,0.));
#2781=DIRECTION('',(-1.,6.40084103300016E-15,0.));
#2782=DIRECTION('center_axis',(0.,0.,1.));
#2783=DIRECTION('ref_axis',(1.,0.,0.));
#2784=DIRECTION('center_axis',(0.,0.,1.));
#2785=DIRECTION('ref_axis',(1.,0.,0.));
#2786=DIRECTION('center_axis',(0.,0.,1.));
#2787=DIRECTION('ref_axis',(1.,0.,0.));
#2788=DIRECTION('center_axis',(0.,0.,1.));
#2789=DIRECTION('ref_axis',(1.,0.,0.));
#2790=DIRECTION('center_axis',(0.,0.,1.));
#2791=DIRECTION('ref_axis',(0.707106781186557,-0.707106781186538,0.));
#2792=DIRECTION('',(0.,0.,-1.));
#2793=DIRECTION('',(0.,0.,1.));
#2794=DIRECTION('center_axis',(-1.,-8.14163551391792E-15,0.));
#2795=DIRECTION('ref_axis',(-8.14163551391792E-15,1.,0.));
#2796=DIRECTION('',(0.,0.,-1.));
#2797=DIRECTION('center_axis',(0.,0.,-1.));
#2798=DIRECTION('ref_axis',(0.707106781186542,0.707106781186553,0.));
#2799=DIRECTION('',(0.,0.,-1.));
#2800=DIRECTION('',(0.,0.,1.));
#2801=DIRECTION('center_axis',(-8.26499362776515E-15,1.,0.));
#2802=DIRECTION('ref_axis',(1.,8.26499362776515E-15,0.));
#2803=DIRECTION('',(0.,0.,1.));
#2804=DIRECTION('center_axis',(0.,0.,-1.));
#2805=DIRECTION('ref_axis',(-0.707106781186553,0.707106781186542,0.));
#2806=DIRECTION('center_axis',(0.,0.,-1.));
#2807=DIRECTION('ref_axis',(1.,0.,0.));
#2808=DIRECTION('center_axis',(0.,0.,-1.));
#2809=DIRECTION('ref_axis',(1.,0.,0.));
#2810=DIRECTION('center_axis',(0.,0.,-1.));
#2811=DIRECTION('ref_axis',(1.,0.,0.));
#2812=DIRECTION('',(0.,0.,-1.));
#2813=DIRECTION('center_axis',(0.,0.,-1.));
#2814=DIRECTION('ref_axis',(1.,0.,0.));
#2815=DIRECTION('center_axis',(0.,0.,-1.));
#2816=DIRECTION('ref_axis',(1.,0.,0.));
#2817=DIRECTION('center_axis',(0.,0.,-1.));
#2818=DIRECTION('ref_axis',(1.,0.,0.));
#2819=DIRECTION('',(0.,0.,-1.));
#2820=DIRECTION('center_axis',(0.,0.,-1.));
#2821=DIRECTION('ref_axis',(1.,0.,0.));
#2822=DIRECTION('center_axis',(0.,0.,-1.));
#2823=DIRECTION('ref_axis',(1.,0.,0.));
#2824=DIRECTION('center_axis',(0.,0.,-1.));
#2825=DIRECTION('ref_axis',(1.,0.,0.));
#2826=DIRECTION('',(0.,0.,-1.));
#2827=DIRECTION('center_axis',(0.,0.,-1.));
#2828=DIRECTION('ref_axis',(1.,0.,0.));
#2829=DIRECTION('center_axis',(0.,0.,-1.));
#2830=DIRECTION('ref_axis',(1.,0.,0.));
#2831=DIRECTION('center_axis',(0.,0.,-1.));
#2832=DIRECTION('ref_axis',(1.,0.,0.));
#2833=DIRECTION('',(0.,0.,-1.));
#2834=DIRECTION('center_axis',(0.,0.,1.));
#2835=DIRECTION('ref_axis',(1.,0.,0.));
#2836=DIRECTION('center_axis',(0.,-1.,0.));
#2837=DIRECTION('ref_axis',(0.,0.,-1.));
#2838=DIRECTION('center_axis',(0.,0.,-1.));
#2839=DIRECTION('ref_axis',(3.5578587861418E-14,-1.,0.));
#2840=DIRECTION('',(-1.,-3.5578587861418E-14,0.));
#2841=DIRECTION('',(9.46211283139154E-15,1.,0.));
#2842=DIRECTION('center_axis',(3.5578587861418E-14,-1.,0.));
#2843=DIRECTION('ref_axis',(0.,0.,1.));
#2844=DIRECTION('',(0.,0.,-1.));
#2845=DIRECTION('center_axis',(1.,-9.46211283139154E-15,0.));
#2846=DIRECTION('ref_axis',(9.46211283139154E-15,1.,0.));
#2847=DIRECTION('',(0.,0.,1.));
#2848=DIRECTION('center_axis',(0.,0.,1.));
#2849=DIRECTION('ref_axis',(0.,-1.,0.));
#2850=DIRECTION('',(0.,-1.,0.));
#2851=DIRECTION('',(1.7789293930709E-14,-1.,0.));
#2852=DIRECTION('center_axis',(1.,0.,0.));
#2853=DIRECTION('ref_axis',(0.,0.,-1.));
#2854=DIRECTION('center_axis',(-1.,-1.7789293930709E-14,0.));
#2855=DIRECTION('ref_axis',(1.7789293930709E-14,-1.,0.));
#2856=DIRECTION('',(0.,0.,1.));
#2857=DIRECTION('center_axis',(1.,8.14163551391782E-15,0.));
#2858=DIRECTION('ref_axis',(8.14163551391782E-15,-1.,0.));
#2859=DIRECTION('center_axis',(1.77849455332681E-14,-1.,0.));
#2860=DIRECTION('ref_axis',(1.,1.77849455332681E-14,0.));
#2861=DIRECTION('',(0.,0.,1.));
#2862=DIRECTION('center_axis',(-1.,0.,0.));
#2863=DIRECTION('ref_axis',(0.,0.,1.));
#2864=DIRECTION('center_axis',(0.,-0.436273506519775,0.899814107196003));
#2865=DIRECTION('ref_axis',(0.,0.899814107196003,0.436273506519775));
#2866=DIRECTION('center_axis',(0.436273506519772,0.,0.899814107196005));
#2867=DIRECTION('ref_axis',(-0.899814107196005,0.,0.436273506519772));
#2868=DIRECTION('center_axis',(-1.,-1.7789293930709E-14,0.));
#2869=DIRECTION('ref_axis',(1.7789293930709E-14,-1.,0.));
#2870=DIRECTION('',(0.,0.,1.));
#2871=DIRECTION('center_axis',(6.40084103300016E-15,1.,0.));
#2872=DIRECTION('ref_axis',(-1.,6.40084103300016E-15,0.));
#2873=DIRECTION('',(0.,0.,1.));
#2874=DIRECTION('center_axis',(0.,0.,1.));
#2875=DIRECTION('ref_axis',(-0.999999999999522,9.77518394184921E-7,0.));
#2876=DIRECTION('',(0.,0.,1.));
#2877=DIRECTION('center_axis',(0.,0.,1.));
#2878=DIRECTION('ref_axis',(-0.707106049202958,0.707107513169379,0.));
#2879=DIRECTION('',(0.,0.,1.));
#2880=DIRECTION('center_axis',(-0.707106781186622,0.707106781186473,0.));
#2881=DIRECTION('ref_axis',(-0.707106781186473,-0.707106781186622,0.));
#2882=DIRECTION('',(0.,0.,1.));
#2883=DIRECTION('center_axis',(0.,0.,1.));
#2884=DIRECTION('ref_axis',(9.77518389744016E-7,0.999999999999522,0.));
#2885=DIRECTION('center_axis',(0.,0.,1.));
#2886=DIRECTION('ref_axis',(0.707105964951004,0.707107597421149,0.));
#2887=DIRECTION('',(0.,0.,1.));
#2888=DIRECTION('center_axis',(0.707106781186375,0.70710678118672,0.));
#2889=DIRECTION('ref_axis',(-0.70710678118672,0.707106781186375,0.));
#2890=DIRECTION('',(0.,0.,1.));
#2891=DIRECTION('center_axis',(0.,0.,1.));
#2892=DIRECTION('ref_axis',(0.99999999999681,-2.52573608750805E-6,0.));
#2893=DIRECTION('center_axis',(1.,-9.46211283139154E-15,0.));
#2894=DIRECTION('ref_axis',(9.46211283139154E-15,1.,0.));
#2895=DIRECTION('',(0.,0.,1.));
#2896=DIRECTION('center_axis',(0.,0.,1.));
#2897=DIRECTION('ref_axis',(0.707088189482729,-0.707125372401554,0.));
#2898=DIRECTION('',(0.,0.,1.));
#2899=DIRECTION('center_axis',(0.707106781186634,-0.707106781186462,0.));
#2900=DIRECTION('ref_axis',(0.707106781186462,0.707106781186633,0.));
#2901=DIRECTION('',(0.,0.,1.));
#2902=DIRECTION('center_axis',(0.,0.,1.));
#2903=DIRECTION('ref_axis',(-2.52573609490962E-6,-0.99999999999681,0.));
#2904=DIRECTION('center_axis',(0.,0.,1.));
#2905=DIRECTION('ref_axis',(-0.707107513169378,-0.707106049202959,0.));
#2906=DIRECTION('',(0.,0.,1.));
#2907=DIRECTION('center_axis',(-0.707106781186473,-0.707106781186622,0.));
#2908=DIRECTION('ref_axis',(0.707106781186622,-0.707106781186473,0.));
#2909=CARTESIAN_POINT('',(0.,0.,0.));
#2910=CARTESIAN_POINT('Origin',(14.420353031496,36.640270323851,7.149876174753));
#2911=CARTESIAN_POINT('',(14.420353031496,35.640270323851,5.61772168988768));
#2912=CARTESIAN_POINT('',(13.420353031496,36.640270323851,6.10257017473672));
#2913=CARTESIAN_POINT('Origin',(14.420353031496,36.640270323851,6.10257017473672));
#2914=CARTESIAN_POINT('',(13.420353031496,36.640270323851,7.149876174753));
#2915=CARTESIAN_POINT('',(13.420353031496,36.640270323851,7.149876174753));
#2916=CARTESIAN_POINT('',(14.420353031496,35.640270323851,7.149876174753));
#2917=CARTESIAN_POINT('Origin',(14.420353031496,36.640270323851,7.149876174753));
#2918=CARTESIAN_POINT('',(14.420353031496,35.640270323851,7.149876174753));
#2919=CARTESIAN_POINT('Origin',(13.420353031496,35.640270323851,7.149876174753));
#2920=CARTESIAN_POINT('',(13.420353031496,34.9903227114561,5.30259557478677));
#2921=CARTESIAN_POINT('',(13.420353031496,34.0870158481072,4.86462861073833));
#2922=CARTESIAN_POINT('',(13.420353031496,34.9903227114561,1.6));
#2923=CARTESIAN_POINT('',(13.420353031496,34.9903227114561,4.3749380873765));
#2924=CARTESIAN_POINT('',(13.420353031496,42.5359999999999,1.6));
#2925=CARTESIAN_POINT('',(13.4203530314959,28.5881351619235,1.6));
#2926=CARTESIAN_POINT('',(13.420353031496,42.5359999999999,7.149876174753));
#2927=CARTESIAN_POINT('',(13.420353031496,42.536,4.3749380873765));
#2928=CARTESIAN_POINT('',(13.4203530314959,28.5881351619235,7.149876174753));
#2929=CARTESIAN_POINT('Origin',(14.420353031496,34.9903227114561,4.3749380873765));
#2930=CARTESIAN_POINT('',(14.420353031496,33.9903227114561,4.81774708993772));
#2931=CARTESIAN_POINT('Origin',(14.420353031496,34.9903227114561,5.30259557478676));
#2932=CARTESIAN_POINT('',(14.420353031496,33.9903227114561,1.6));
#2933=CARTESIAN_POINT('',(14.420353031496,33.9903227114561,4.3749380873765));
#2934=CARTESIAN_POINT('Origin',(14.420353031496,34.9903227114561,1.59999999999998));
#2935=CARTESIAN_POINT('Origin',(30.819851380492,33.9903227114561,1.6));
#2936=CARTESIAN_POINT('',(29.819851380492,33.9903227114561,4.81774708993772));
#2937=CARTESIAN_POINT('',(30.819851380492,33.9903227114561,4.81774708993772));
#2938=CARTESIAN_POINT('',(29.819851380492,33.9903227114561,1.6));
#2939=CARTESIAN_POINT('',(29.819851380492,33.9903227114561,4.37493808737651));
#2940=CARTESIAN_POINT('',(26.4629256905036,33.9903227114561,1.6));
#2941=CARTESIAN_POINT('Origin',(29.819851380492,36.6402703238509,7.149876174753));
#2942=CARTESIAN_POINT('',(30.819851380492,36.6402703238509,6.10257017473667));
#2943=CARTESIAN_POINT('',(29.819851380492,35.6402703238509,5.61772168988762));
#2944=CARTESIAN_POINT('Origin',(29.819851380492,36.6402703238509,6.10257017473667));
#2945=CARTESIAN_POINT('',(29.819851380492,35.6402703238509,7.149876174753));
#2946=CARTESIAN_POINT('',(29.819851380492,35.6402703238509,7.149876174753));
#2947=CARTESIAN_POINT('',(30.819851380492,36.6402703238509,7.149876174753));
#2948=CARTESIAN_POINT('Origin',(29.819851380492,36.6402703238509,7.149876174753));
#2949=CARTESIAN_POINT('',(30.819851380492,36.6402703238509,7.149876174753));
#2950=CARTESIAN_POINT('Origin',(30.819851380492,35.6402703238509,7.149876174753));
#2951=CARTESIAN_POINT('',(26.4629256905037,35.6402703238509,7.149876174753));
#2952=CARTESIAN_POINT('',(30.819851380492,35.6402703238509,5.61772168988762));
#2953=CARTESIAN_POINT('Origin',(29.819851380492,34.9903227114561,4.3749380873765));
#2954=CARTESIAN_POINT('',(30.819851380492,34.9903227114561,5.30259557478676));
#2955=CARTESIAN_POINT('Origin',(29.819851380492,34.9903227114561,5.30259557478676));
#2956=CARTESIAN_POINT('',(30.819851380492,34.9903227114561,1.6));
#2957=CARTESIAN_POINT('',(30.819851380492,34.9903227114561,4.3749380873765));
#2958=CARTESIAN_POINT('Origin',(29.819851380492,34.9903227114561,1.59999999999998));
#2959=CARTESIAN_POINT('Origin',(30.8198513804921,42.5359999999998,7.149876174753));
#2960=CARTESIAN_POINT('',(30.8198513804921,42.5359999999998,7.149876174753));
#2961=CARTESIAN_POINT('',(30.819851380492,32.0359999999979,7.149876174753));
#2962=CARTESIAN_POINT('',(30.8198513804921,42.5359999999998,1.6));
#2963=CARTESIAN_POINT('',(30.8198513804921,42.5359999999998,4.3749380873765));
#2964=CARTESIAN_POINT('',(30.819851380492,32.0359999999979,1.6));
#2965=CARTESIAN_POINT('',(30.819851380492,35.6402703238511,5.61772168988772));
#2966=CARTESIAN_POINT('Origin',(6.94032467614912,10.878248031496,7.149876174753));
#2967=CARTESIAN_POINT('',(7.94032467614912,10.878248031496,5.61772168988769));
#2968=CARTESIAN_POINT('',(6.94032467614913,9.878248031496,6.10257017473672));
#2969=CARTESIAN_POINT('Origin',(6.94032467614912,10.878248031496,6.10257017473673));
#2970=CARTESIAN_POINT('',(6.94032467614913,9.878248031496,7.149876174753));
#2971=CARTESIAN_POINT('',(6.94032467614913,9.878248031496,7.149876174753));
#2972=CARTESIAN_POINT('',(7.94032467614912,10.878248031496,7.149876174753));
#2973=CARTESIAN_POINT('Origin',(6.94032467614912,10.878248031496,7.149876174753));
#2974=CARTESIAN_POINT('',(7.94032467614912,10.878248031496,7.149876174753));
#2975=CARTESIAN_POINT('Origin',(7.94032467614912,9.878248031496,7.149876174753));
#2976=CARTESIAN_POINT('',(8.59027228854408,9.87824803149601,5.30259557478675));
#2977=CARTESIAN_POINT('',(9.49357915189304,9.87824803149602,4.86462861073827));
#2978=CARTESIAN_POINT('',(8.59027228854408,9.87824803149601,1.6));
#2979=CARTESIAN_POINT('',(8.59027228854408,9.87824803149601,4.3749380873765));
#2980=CARTESIAN_POINT('',(1.10599999999992,9.87824803149596,1.6));
#2981=CARTESIAN_POINT('',(15.435649241431,9.87824803149606,1.6));
#2982=CARTESIAN_POINT('',(1.10599999999996,9.87824803149595,7.149876174753));
#2983=CARTESIAN_POINT('',(1.10599999999992,9.87824803149595,4.3749380873765));
#2984=CARTESIAN_POINT('',(15.0231623383322,9.87824803149606,7.149876174753));
#2985=CARTESIAN_POINT('Origin',(8.59027228854407,10.878248031496,4.3749380873765));
#2986=CARTESIAN_POINT('',(9.59027228854407,10.878248031496,4.81774708993771));
#2987=CARTESIAN_POINT('Origin',(8.59027228854407,10.878248031496,5.30259557478675));
#2988=CARTESIAN_POINT('',(9.59027228854407,10.878248031496,1.6));
#2989=CARTESIAN_POINT('',(9.59027228854407,10.878248031496,4.3749380873765));
#2990=CARTESIAN_POINT('Origin',(8.59027228854407,10.878248031496,1.59999999999999));
#2991=CARTESIAN_POINT('Origin',(9.59027228854407,27.277746380492,1.6));
#2992=CARTESIAN_POINT('',(9.59027228854407,26.277746380492,4.81774708993771));
#2993=CARTESIAN_POINT('',(9.59027228854407,27.277746380492,4.81774708993771));
#2994=CARTESIAN_POINT('',(9.59027228854407,26.277746380492,1.6));
#2995=CARTESIAN_POINT('',(9.59027228854407,26.277746380492,4.3749380873765));
#2996=CARTESIAN_POINT('',(9.59027228854407,24.406873190244,1.6));
#2997=CARTESIAN_POINT('Origin',(6.94032467614901,26.277746380492,7.149876174753));
#2998=CARTESIAN_POINT('',(6.940324676149,27.277746380492,6.10257017473679));
#2999=CARTESIAN_POINT('',(7.94032467614901,26.277746380492,5.61772168988774));
#3000=CARTESIAN_POINT('Origin',(6.94032467614901,26.277746380492,6.10257017473678));
#3001=CARTESIAN_POINT('',(7.94032467614901,26.277746380492,7.149876174753));
#3002=CARTESIAN_POINT('',(7.94032467614901,26.277746380492,7.149876174753));
#3003=CARTESIAN_POINT('',(6.940324676149,27.277746380492,7.149876174753));
#3004=CARTESIAN_POINT('Origin',(6.94032467614901,26.277746380492,7.149876174753));
#3005=CARTESIAN_POINT('',(6.940324676149,27.277746380492,7.149876174753));
#3006=CARTESIAN_POINT('Origin',(7.940324676149,27.277746380492,7.149876174753));
#3007=CARTESIAN_POINT('',(7.94032467614902,24.4068731902439,7.149876174753));
#3008=CARTESIAN_POINT('',(7.940324676149,27.277746380492,5.61772168988775));
#3009=CARTESIAN_POINT('Origin',(8.59027228854407,26.277746380492,4.3749380873765));
#3010=CARTESIAN_POINT('',(8.59027228854406,27.277746380492,5.30259557478675));
#3011=CARTESIAN_POINT('Origin',(8.59027228854407,26.277746380492,5.30259557478675));
#3012=CARTESIAN_POINT('',(8.59027228854407,27.277746380492,1.6));
#3013=CARTESIAN_POINT('',(8.59027228854406,27.277746380492,4.3749380873765));
#3014=CARTESIAN_POINT('Origin',(8.59027228854407,26.277746380492,1.59999999999999));
#3015=CARTESIAN_POINT('Origin',(1.10599999999988,27.277746380492,7.149876174753));
#3016=CARTESIAN_POINT('',(1.10599999999988,27.277746380492,7.149876174753));
#3017=CARTESIAN_POINT('',(11.6060000002575,27.277746380492,7.149876174753));
#3018=CARTESIAN_POINT('',(1.10599999999952,27.2777463804919,5.1));
#3019=CARTESIAN_POINT('',(1.10599999999961,27.277746380492,4.3749380873765));
#3020=CARTESIAN_POINT('',(7.10599999999952,27.2777463804919,5.1));
#3021=CARTESIAN_POINT('',(1.10599999999972,27.277746380492,5.1));
#3022=CARTESIAN_POINT('',(7.10599999999952,27.2777463804919,1.6));
#3023=CARTESIAN_POINT('',(7.10599999999952,27.277746380492,5.2499380873765));
#3024=CARTESIAN_POINT('',(15.4356492414309,27.277746380492,1.6));
#3025=CARTESIAN_POINT('',(7.94032467614918,27.277746380492,5.61772168988766));
#3026=CARTESIAN_POINT('Origin',(6.10599999999952,31.7777463804919,2.475));
#3027=CARTESIAN_POINT('',(6.10599999999952,32.7777463804919,5.1));
#3028=CARTESIAN_POINT('',(7.10599999999952,31.7777463804919,5.1));
#3029=CARTESIAN_POINT('Origin',(6.10599999999952,31.7777463804919,5.1));
#3030=CARTESIAN_POINT('',(6.10599999999952,32.7777463804919,1.6));
#3031=CARTESIAN_POINT('',(6.10599999999952,32.7777463804919,2.475));
#3032=CARTESIAN_POINT('',(7.10599999999952,31.7777463804919,1.6));
#3033=CARTESIAN_POINT('Origin',(6.10599999999952,31.7777463804919,1.6));
#3034=CARTESIAN_POINT('',(7.10599999999952,31.7777463804919,2.475));
#3035=CARTESIAN_POINT('Origin',(1.10599999999952,32.7777463804919,1.6));
#3036=CARTESIAN_POINT('',(1.10599999999952,32.7777463804919,5.1));
#3037=CARTESIAN_POINT('',(1.10599999999952,32.7777463804919,5.1));
#3038=CARTESIAN_POINT('',(1.10599999999952,32.7777463804919,1.6));
#3039=CARTESIAN_POINT('',(1.10599999999952,32.7777463804919,1.6));
#3040=CARTESIAN_POINT('',(11.6060000002574,32.7777463804919,1.6));
#3041=CARTESIAN_POINT('Origin',(37.3372703238509,10.866348619508,7.149876174753));
#3042=CARTESIAN_POINT('',(37.3372703238509,9.86634861950799,6.10257017473676));
#3043=CARTESIAN_POINT('',(36.3372703238509,10.866348619508,5.61772168988773));
#3044=CARTESIAN_POINT('Origin',(37.3372703238509,10.866348619508,6.10257017473677));
#3045=CARTESIAN_POINT('',(36.3372703238509,10.866348619508,7.149876174753));
#3046=CARTESIAN_POINT('',(36.3372703238509,10.866348619508,7.149876174753));
#3047=CARTESIAN_POINT('',(37.3372703238509,9.86634861950799,7.149876174753));
#3048=CARTESIAN_POINT('Origin',(37.3372703238509,10.866348619508,7.149876174753));
#3049=CARTESIAN_POINT('',(37.3372703238509,9.86634861950799,7.149876174753));
#3050=CARTESIAN_POINT('Origin',(36.3372703238509,9.866348619508,7.149876174753));
#3051=CARTESIAN_POINT('',(36.337270323851,26.365846968504,5.61772168988778));
#3052=CARTESIAN_POINT('',(36.3372703238509,9.86634861950799,5.61772168988773));
#3053=CARTESIAN_POINT('',(36.337270323851,26.365846968504,7.149876174753));
#3054=CARTESIAN_POINT('',(36.337270323851,26.365846968504,7.149876174753));
#3055=CARTESIAN_POINT('',(36.3372703238509,15.7011743097519,7.149876174753));
#3056=CARTESIAN_POINT('Origin',(35.6873227114559,10.866348619508,4.3749380873765));
#3057=CARTESIAN_POINT('',(35.6873227114559,9.86634861950798,5.30259557478675));
#3058=CARTESIAN_POINT('',(34.6873227114559,10.866348619508,4.81774708993772));
#3059=CARTESIAN_POINT('Origin',(35.6873227114559,10.866348619508,5.30259557478676));
#3060=CARTESIAN_POINT('',(35.6873227114559,9.866348619508,1.6));
#3061=CARTESIAN_POINT('',(35.6873227114559,9.866348619508,4.3749380873765));
#3062=CARTESIAN_POINT('',(34.6873227114559,10.866348619508,1.6));
#3063=CARTESIAN_POINT('Origin',(35.6873227114559,10.866348619508,1.6));
#3064=CARTESIAN_POINT('',(34.6873227114559,10.866348619508,4.3749380873765));
#3065=CARTESIAN_POINT('Origin',(43.1059999999999,9.86634861950797,7.149876174753));
#3066=CARTESIAN_POINT('',(43.1059999999999,9.86634861950797,7.149876174753));
#3067=CARTESIAN_POINT('',(32.6060000002575,9.86634861950802,7.149876174753));
#3068=CARTESIAN_POINT('',(43.1059999999999,9.86634861950797,1.6));
#3069=CARTESIAN_POINT('',(43.1059999999997,9.86634861950797,4.3749380873765));
#3070=CARTESIAN_POINT('',(32.6060000002575,9.86634861950802,1.6));
#3071=CARTESIAN_POINT('',(36.3372703238508,9.86634861950798,5.6177216898877));
#3072=CARTESIAN_POINT('Origin',(38.106,31.7777463804925,2.475));
#3073=CARTESIAN_POINT('',(37.106,31.7777463804925,5.1));
#3074=CARTESIAN_POINT('',(38.1059999999999,32.7777463804925,5.1));
#3075=CARTESIAN_POINT('Origin',(38.106,31.7777463804925,5.1));
#3076=CARTESIAN_POINT('',(37.106,31.7777463804925,1.6));
#3077=CARTESIAN_POINT('',(37.106,31.7777463804925,2.475));
#3078=CARTESIAN_POINT('',(38.1059999999999,32.7777463804925,1.6));
#3079=CARTESIAN_POINT('Origin',(38.106,31.7777463804925,1.6));
#3080=CARTESIAN_POINT('',(38.1059999999999,32.7777463804925,2.475));
#3081=CARTESIAN_POINT('Origin',(37.106,30.0277463804925,3.35));
#3082=CARTESIAN_POINT('',(37.1060000000001,27.365846968504,5.1));
#3083=CARTESIAN_POINT('',(37.1059999999999,32.7777463804925,5.1));
#3084=CARTESIAN_POINT('',(37.1060000000001,27.365846968504,1.6));
#3085=CARTESIAN_POINT('',(37.1060000000001,27.365846968504,5.2499380873765));
#3086=CARTESIAN_POINT('',(37.1060000000002,25.7818731902445,1.6));
#3087=CARTESIAN_POINT('Origin',(35.6873227114559,26.365846968504,4.3749380873765));
#3088=CARTESIAN_POINT('',(34.6873227114559,26.365846968504,4.81774708993772));
#3089=CARTESIAN_POINT('',(35.6873227114559,27.365846968504,5.30259557478676));
#3090=CARTESIAN_POINT('Origin',(35.6873227114559,26.365846968504,5.30259557478676));
#3091=CARTESIAN_POINT('',(34.6873227114559,26.365846968504,1.6));
#3092=CARTESIAN_POINT('',(34.6873227114559,26.365846968504,4.3749380873765));
#3093=CARTESIAN_POINT('',(35.6873227114559,27.365846968504,1.6));
#3094=CARTESIAN_POINT('Origin',(35.6873227114559,26.365846968504,1.6));
#3095=CARTESIAN_POINT('',(35.6873227114559,27.365846968504,4.3749380873765));
#3096=CARTESIAN_POINT('Origin',(34.6873227114559,9.86634861950798,4.81774708993772));
#3097=CARTESIAN_POINT('',(34.6873227114559,9.86634861950798,4.81774708993772));
#3098=CARTESIAN_POINT('',(37.337270323851,27.365846968504,6.10257017473682));
#3099=CARTESIAN_POINT('',(34.784015848107,27.365846968504,4.86462861073833));
#3100=CARTESIAN_POINT('Origin',(37.337270323851,26.365846968504,6.10257017473682));
#3101=CARTESIAN_POINT('Origin',(36.337270323851,27.365846968504,7.149876174753));
#3102=CARTESIAN_POINT('',(29.2216351621831,27.365846968504,1.6));
#3103=CARTESIAN_POINT('',(43.1060000000001,27.365846968504,5.1));
#3104=CARTESIAN_POINT('',(39.7216351619255,27.365846968504,5.1));
#3105=CARTESIAN_POINT('',(43.1059999999999,27.365846968504,7.149876174753));
#3106=CARTESIAN_POINT('',(43.1059999999999,27.365846968504,4.3749380873765));
#3107=CARTESIAN_POINT('',(37.337270323851,27.365846968504,7.149876174753));
#3108=CARTESIAN_POINT('',(29.2216351621831,27.365846968504,7.149876174753));
#3109=CARTESIAN_POINT('',(37.337270323851,27.365846968504,7.149876174753));
#3110=CARTESIAN_POINT('Origin',(37.337270323851,26.365846968504,7.149876174753));
#3111=CARTESIAN_POINT('Origin',(37.337270323851,26.365846968504,7.149876174753));
#3112=CARTESIAN_POINT('Origin',(31.4198513804918,42.0359999999998,2.5));
#3113=CARTESIAN_POINT('',(31.9198513804918,42.0359999999998,1.6));
#3114=CARTESIAN_POINT('',(31.4198513804918,42.5359999999998,1.6));
#3115=CARTESIAN_POINT('Origin',(31.4198513804918,42.0359999999998,1.6));
#3116=CARTESIAN_POINT('',(31.4198513804918,42.5359999999998,3.4));
#3117=CARTESIAN_POINT('',(31.4198513804918,42.5359999999998,2.5));
#3118=CARTESIAN_POINT('',(31.9198513804918,42.0359999999998,3.4));
#3119=CARTESIAN_POINT('Origin',(31.4198513804918,42.0359999999998,3.4));
#3120=CARTESIAN_POINT('',(31.9198513804918,42.0359999999998,2.5));
#3121=CARTESIAN_POINT('Origin',(31.9198513804918,42.5359999999998,3.4));
#3122=CARTESIAN_POINT('',(31.9198513804918,39.0359999999998,3.4));
#3123=CARTESIAN_POINT('',(31.9198513804918,42.5359999999998,3.4));
#3124=CARTESIAN_POINT('',(31.9198513804918,39.0359999999998,1.6));
#3125=CARTESIAN_POINT('',(31.9198513804918,39.0359999999998,2.95));
#3126=CARTESIAN_POINT('',(31.9198513804918,32.0359999999979,1.6));
#3127=CARTESIAN_POINT('Origin',(34.2198513804918,42.0359999999998,1.6));
#3128=CARTESIAN_POINT('',(34.2198513804918,42.5359999999998,1.6));
#3129=CARTESIAN_POINT('',(33.7198513804918,42.0359999999998,1.6));
#3130=CARTESIAN_POINT('Origin',(34.2198513804918,42.0359999999998,1.6));
#3131=CARTESIAN_POINT('',(33.7198513804918,42.0359999999998,3.4));
#3132=CARTESIAN_POINT('',(33.7198513804918,42.0359999999998,1.6));
#3133=CARTESIAN_POINT('',(34.2198513804918,42.5359999999998,3.4));
#3134=CARTESIAN_POINT('Origin',(34.2198513804918,42.0359999999998,3.4));
#3135=CARTESIAN_POINT('',(34.2198513804918,42.5359999999998,1.6));
#3136=CARTESIAN_POINT('Origin',(38.063359,42.5359999999998,1.6));
#3137=CARTESIAN_POINT('',(38.063359,42.5359999999998,1.6));
#3138=CARTESIAN_POINT('',(38.063359,42.5359999999998,7.149876174753));
#3139=CARTESIAN_POINT('',(30.0846795002577,42.5359999999998,7.149876174753));
#3140=CARTESIAN_POINT('',(38.063359,42.5359999999998,1.6));
#3141=CARTESIAN_POINT('',(38.063359,42.5359999999998,1.6));
#3142=CARTESIAN_POINT('',(38.063359,42.5359999999998,1.6));
#3143=CARTESIAN_POINT('',(35.8916051902459,42.5359999999998,3.4));
#3144=CARTESIAN_POINT('Origin',(33.2198513804918,39.0359999999998,2.05));
#3145=CARTESIAN_POINT('',(33.7198513804918,39.0359999999998,3.4));
#3146=CARTESIAN_POINT('',(33.2198513804918,38.5359999999998,3.4));
#3147=CARTESIAN_POINT('Origin',(33.2198513804918,39.0359999999998,3.4));
#3148=CARTESIAN_POINT('',(33.7198513804918,39.0359999999998,1.6));
#3149=CARTESIAN_POINT('',(33.7198513804918,39.0359999999998,2.05));
#3150=CARTESIAN_POINT('',(33.2198513804918,38.5359999999998,1.6));
#3151=CARTESIAN_POINT('Origin',(33.2198513804918,39.0359999999998,1.6));
#3152=CARTESIAN_POINT('',(33.2198513804918,38.5359999999998,2.05));
#3153=CARTESIAN_POINT('Origin',(33.7198513804918,42.5359999999998,1.6));
#3154=CARTESIAN_POINT('',(33.7198513804918,32.0359999999979,1.6));
#3155=CARTESIAN_POINT('',(33.7198513804918,42.5359999999998,3.4));
#3156=CARTESIAN_POINT('Origin',(32.4198513804918,39.0359999999998,2.95));
#3157=CARTESIAN_POINT('',(32.4198513804918,38.5359999999998,3.4));
#3158=CARTESIAN_POINT('Origin',(32.4198513804918,39.0359999999998,3.4));
#3159=CARTESIAN_POINT('',(32.4198513804918,38.5359999999998,1.6));
#3160=CARTESIAN_POINT('',(32.4198513804918,38.5359999999998,2.95));
#3161=CARTESIAN_POINT('Origin',(32.4198513804918,39.0359999999998,1.6));
#3162=CARTESIAN_POINT('Origin',(33.7198513804918,42.5359999999998,3.4));
#3163=CARTESIAN_POINT('',(33.7198513804918,38.5359999999998,3.4));
#3164=CARTESIAN_POINT('Origin',(37.592,6.05,6.649876174753));
#3165=CARTESIAN_POINT('',(41.292,6.05,7.149876174753));
#3166=CARTESIAN_POINT('Origin',(37.592,6.05,7.149876174753));
#3167=CARTESIAN_POINT('',(40.792,6.05,6.649876174753));
#3168=CARTESIAN_POINT('Origin',(41.292,6.05,6.649876174753));
#3169=CARTESIAN_POINT('',(34.392,6.05,6.649876174753));
#3170=CARTESIAN_POINT('Origin',(37.592,6.05,6.649876174753));
#3171=CARTESIAN_POINT('Origin',(37.592,6.05,6.649876174753));
#3172=CARTESIAN_POINT('Origin',(22.1060000005152,21.5359999999959,7.149876174753));
#3173=CARTESIAN_POINT('',(32.1059999999998,0.535999999999892,7.149876174753));
#3174=CARTESIAN_POINT('',(31.1059999999998,1.53599999999989,7.149876174753));
#3175=CARTESIAN_POINT('Origin',(32.1059999999998,1.53599999999989,7.149876174753));
#3176=CARTESIAN_POINT('',(38.063359,0.536,7.149876174753));
#3177=CARTESIAN_POINT('',(14.1273205002578,0.535999999999572,7.149876174753));
#3178=CARTESIAN_POINT('',(40.1846800000003,1.41467999999976,7.149876174753));
#3179=CARTESIAN_POINT('Origin',(38.063366577164,3.53598246247002,7.149876174753));
#3180=CARTESIAN_POINT('',(42.22732,3.45732,7.149876174753));
#3181=CARTESIAN_POINT('',(40.6953400001291,1.92534000012877,7.149876174753));
#3182=CARTESIAN_POINT('',(43.1059999999997,5.578641,7.149876174753));
#3183=CARTESIAN_POINT('Origin',(40.106189240652,5.57856230106803,7.149876174753));
#3184=CARTESIAN_POINT('',(43.1059999999998,13.5573204999979,7.149876174753));
#3185=CARTESIAN_POINT('',(43.106,37.493359,7.149876174753));
#3186=CARTESIAN_POINT('',(43.1059999999998,13.5573204999979,7.149876174753));
#3187=CARTESIAN_POINT('',(42.2273200000002,39.6146800000002,7.149876174753));
#3188=CARTESIAN_POINT('Origin',(40.1060175375299,37.493366577164,7.149876174753));
#3189=CARTESIAN_POINT('',(40.1846799999997,41.6573199999998,7.149876174753));
#3190=CARTESIAN_POINT('',(41.7166600001276,40.1253399998726,7.149876174753));
#3191=CARTESIAN_POINT('Origin',(38.06335536401,39.535990466584,7.149876174753));
#3192=CARTESIAN_POINT('',(6.148641,42.536,7.149876174753));
#3193=CARTESIAN_POINT('',(30.0846795002577,42.5359999999998,7.149876174753));
#3194=CARTESIAN_POINT('',(4.02731999999978,41.6573200000002,7.149876174753));
#3195=CARTESIAN_POINT('Origin',(6.14863806745101,39.536006324439,7.149876174753));
#3196=CARTESIAN_POINT('',(1.98468,39.61468,7.149876174753));
#3197=CARTESIAN_POINT('',(3.51666000012662,41.146660000127,7.149876174753));
#3198=CARTESIAN_POINT('',(1.10599999999943,37.493359,7.149876174753));
#3199=CARTESIAN_POINT('Origin',(4.10599367556099,37.493361932549,7.149876174753));
#3200=CARTESIAN_POINT('',(1.10599999999958,29.5146794999978,7.149876174753));
#3201=CARTESIAN_POINT('',(1.106,5.578641,7.149876174753));
#3202=CARTESIAN_POINT('',(1.10599999999958,29.5146794999978,7.149876174753));
#3203=CARTESIAN_POINT('',(1.98467999999978,3.45731999999978,7.149876174753));
#3204=CARTESIAN_POINT('Origin',(4.105993675561,5.578638067451,7.149876174753));
#3205=CARTESIAN_POINT('',(4.02732,1.41468,7.149876174753));
#3206=CARTESIAN_POINT('',(2.49534000013067,2.946659999869,7.149876174753));
#3207=CARTESIAN_POINT('',(6.148641,0.535999999999432,7.149876174753));
#3208=CARTESIAN_POINT('Origin',(6.148638067451,3.535993675561,7.149876174753));
#3209=CARTESIAN_POINT('',(12.1060000000001,0.535999999999536,7.149876174753));
#3210=CARTESIAN_POINT('',(14.1273205002578,0.535999999999572,7.149876174753));
#3211=CARTESIAN_POINT('',(13.106,1.53599999999955,7.149876174753));
#3212=CARTESIAN_POINT('Origin',(12.106,1.53599999999954,7.149876174753));
#3213=CARTESIAN_POINT('',(13.106,4.53599999999979,7.149876174753));
#3214=CARTESIAN_POINT('',(13.106,11.0359999999979,7.149876174753));
#3215=CARTESIAN_POINT('',(15.106,6.53599999999981,7.149876174753));
#3216=CARTESIAN_POINT('Origin',(15.106,4.53599999999981,7.149876174753));
#3217=CARTESIAN_POINT('',(29.1059999999998,6.53599999999992,7.149876174753));
#3218=CARTESIAN_POINT('',(17.6060000002577,6.53599999999983,7.149876174753));
#3219=CARTESIAN_POINT('',(31.1059999999998,4.53599999999994,7.149876174753));
#3220=CARTESIAN_POINT('Origin',(29.1059999999998,4.53599999999992,7.149876174753));
#3221=CARTESIAN_POINT('',(31.1059999999997,14.035999999998,7.149876174753));
#3222=CARTESIAN_POINT('',(10.32,6.05,7.149876174753));
#3223=CARTESIAN_POINT('Origin',(6.62,6.05,7.149876174753));
#3224=CARTESIAN_POINT('',(10.32,37.022,7.149876174753));
#3225=CARTESIAN_POINT('Origin',(6.62,37.022,7.149876174753));
#3226=CARTESIAN_POINT('',(12.606,33.1903227114561,7.149876174753));
#3227=CARTESIAN_POINT('',(31.606,33.1903227114561,7.149876174753));
#3228=CARTESIAN_POINT('',(17.1060000002576,33.1903227114561,7.149876174753));
#3229=CARTESIAN_POINT('',(32.106,32.6903227114561,7.149876174753));
#3230=CARTESIAN_POINT('Origin',(31.606,32.6903227114561,7.149876174753));
#3231=CARTESIAN_POINT('',(32.106,24.036,7.149876174753));
#3232=CARTESIAN_POINT('',(32.106,27.363161355726,7.149876174753));
#3233=CARTESIAN_POINT('',(31.606,23.536,7.149876174753));
#3234=CARTESIAN_POINT('Origin',(31.606,24.036,7.149876174753));
#3235=CARTESIAN_POINT('',(12.606,23.536,7.149876174753));
#3236=CARTESIAN_POINT('',(27.6060000002576,23.536,7.149876174753));
#3237=CARTESIAN_POINT('',(12.106,24.036,7.149876174753));
#3238=CARTESIAN_POINT('Origin',(12.606,24.036,7.149876174753));
#3239=CARTESIAN_POINT('',(12.106,32.6903227114561,7.149876174753));
#3240=CARTESIAN_POINT('',(12.106,22.535999999998,7.149876174753));
#3241=CARTESIAN_POINT('Origin',(12.606,32.6903227114561,7.149876174753));
#3242=CARTESIAN_POINT('',(41.292,37.022,7.149876174753));
#3243=CARTESIAN_POINT('Origin',(37.592,37.022,7.149876174753));
#3244=CARTESIAN_POINT('Origin',(37.592,6.05,5.149876174753));
#3245=CARTESIAN_POINT('',(34.392,6.05,3.149876174753));
#3246=CARTESIAN_POINT('',(34.392,6.05,5.149876174753));
#3247=CARTESIAN_POINT('Origin',(37.592,6.05,3.149876174753));
#3248=CARTESIAN_POINT('Origin',(6.62,6.05,6.649876174753));
#3249=CARTESIAN_POINT('',(9.82,6.05,6.649876174753));
#3250=CARTESIAN_POINT('Origin',(10.32,6.05,6.649876174753));
#3251=CARTESIAN_POINT('',(3.42,6.05,6.649876174753));
#3252=CARTESIAN_POINT('Origin',(6.62,6.05,6.649876174753));
#3253=CARTESIAN_POINT('Origin',(6.62,6.05,6.649876174753));
#3254=CARTESIAN_POINT('Origin',(6.62,6.05,5.149876174753));
#3255=CARTESIAN_POINT('',(3.42,6.05,3.149876174753));
#3256=CARTESIAN_POINT('',(3.42,6.05,5.149876174753));
#3257=CARTESIAN_POINT('Origin',(6.62,6.05,3.149876174753));
#3258=CARTESIAN_POINT('Origin',(37.592,37.022,6.649876174753));
#3259=CARTESIAN_POINT('',(40.792,37.022,6.649876174753));
#3260=CARTESIAN_POINT('Origin',(41.292,37.022,6.649876174753));
#3261=CARTESIAN_POINT('',(34.392,37.022,6.649876174753));
#3262=CARTESIAN_POINT('Origin',(37.592,37.022,6.649876174753));
#3263=CARTESIAN_POINT('Origin',(37.592,37.022,6.649876174753));
#3264=CARTESIAN_POINT('Origin',(37.592,37.022,5.149876174753));
#3265=CARTESIAN_POINT('',(34.392,37.022,3.149876174753));
#3266=CARTESIAN_POINT('',(34.392,37.022,5.149876174753));
#3267=CARTESIAN_POINT('Origin',(37.592,37.022,3.149876174753));
#3268=CARTESIAN_POINT('Origin',(6.62,37.022,6.649876174753));
#3269=CARTESIAN_POINT('',(9.82,37.022,6.649876174753));
#3270=CARTESIAN_POINT('Origin',(10.32,37.022,6.649876174753));
#3271=CARTESIAN_POINT('',(3.42,37.022,6.649876174753));
#3272=CARTESIAN_POINT('Origin',(6.62,37.022,6.649876174753));
#3273=CARTESIAN_POINT('Origin',(6.62,37.022,6.649876174753));
#3274=CARTESIAN_POINT('Origin',(6.62,37.022,5.149876174753));
#3275=CARTESIAN_POINT('',(3.42,37.022,3.149876174753));
#3276=CARTESIAN_POINT('',(3.42,37.022,5.149876174753));
#3277=CARTESIAN_POINT('Origin',(6.62,37.022,3.149876174753));
#3278=CARTESIAN_POINT('Origin',(33.106,24.2680508075689,1.6));
#3279=CARTESIAN_POINT('',(32.106,24.2680508075689,1.6));
#3280=CARTESIAN_POINT('',(32.606,23.4020254037844,1.6));
#3281=CARTESIAN_POINT('Origin',(33.106,24.2680508075689,1.6));
#3282=CARTESIAN_POINT('',(32.606,23.4020254037844,3.8));
#3283=CARTESIAN_POINT('',(32.606,23.4020254037844,1.6));
#3284=CARTESIAN_POINT('',(32.106,24.2680508075689,3.8));
#3285=CARTESIAN_POINT('Origin',(33.106,24.2680508075689,3.8));
#3286=CARTESIAN_POINT('',(32.106,24.2680508075689,1.6));
#3287=CARTESIAN_POINT('Origin',(32.106,33.1903227114561,7.149876174753));
#3288=CARTESIAN_POINT('',(32.106,24.036,3.8));
#3289=CARTESIAN_POINT('',(32.106,24.863161355728,3.8));
#3290=CARTESIAN_POINT('',(32.106,24.036,4.3749380873765));
#3291=CARTESIAN_POINT('',(32.106,32.6903227114561,1.6));
#3292=CARTESIAN_POINT('',(32.106,32.6903227114561,7.149876174753));
#3293=CARTESIAN_POINT('',(32.106,27.363161355726,1.6));
#3294=CARTESIAN_POINT('Origin',(11.106,24.2680508075689,1.6));
#3295=CARTESIAN_POINT('',(12.106,24.2680508075689,3.8));
#3296=CARTESIAN_POINT('',(11.606,23.4020254037844,3.8));
#3297=CARTESIAN_POINT('Origin',(11.106,24.2680508075689,3.8));
#3298=CARTESIAN_POINT('',(11.606,23.4020254037844,1.6));
#3299=CARTESIAN_POINT('',(11.606,23.4020254037844,1.6));
#3300=CARTESIAN_POINT('',(12.106,24.2680508075689,1.6));
#3301=CARTESIAN_POINT('Origin',(11.106,24.2680508075689,1.6));
#3302=CARTESIAN_POINT('',(12.106,24.2680508075689,1.6));
#3303=CARTESIAN_POINT('Origin',(31.606,32.6903227114561,7.149876174753));
#3304=CARTESIAN_POINT('',(31.606,33.1903227114561,1.6));
#3305=CARTESIAN_POINT('',(31.606,33.1903227114561,7.149876174753));
#3306=CARTESIAN_POINT('Origin',(31.606,32.6903227114561,1.6));
#3307=CARTESIAN_POINT('Origin',(12.106,33.1903227114561,7.149876174753));
#3308=CARTESIAN_POINT('',(12.606,33.1903227114561,1.6));
#3309=CARTESIAN_POINT('',(12.606,33.1903227114561,7.149876174753));
#3310=CARTESIAN_POINT('',(17.1060000002576,33.1903227114561,1.6));
#3311=CARTESIAN_POINT('Origin',(31.606,24.036,4.3749380873765));
#3312=CARTESIAN_POINT('',(31.606,23.536,3.8));
#3313=CARTESIAN_POINT('Origin',(31.606,24.036,3.8));
#3314=CARTESIAN_POINT('',(31.606,23.536,4.3749380873765));
#3315=CARTESIAN_POINT('Origin',(33.106,23.536,1.6));
#3316=CARTESIAN_POINT('',(12.606,23.536,3.8));
#3317=CARTESIAN_POINT('',(11.106,23.536,3.8));
#3318=CARTESIAN_POINT('',(12.606,23.536,4.3749380873765));
#3319=CARTESIAN_POINT('Origin',(12.606,24.036,4.3749380873765));
#3320=CARTESIAN_POINT('',(12.106,24.036,3.8));
#3321=CARTESIAN_POINT('Origin',(12.606,24.036,3.8));
#3322=CARTESIAN_POINT('',(12.106,24.036,4.3749380873765));
#3323=CARTESIAN_POINT('Origin',(12.106,23.536,7.149876174753));
#3324=CARTESIAN_POINT('',(12.106,32.6903227114561,1.6));
#3325=CARTESIAN_POINT('',(12.106,22.535999999998,1.6));
#3326=CARTESIAN_POINT('',(12.106,32.6903227114561,7.149876174753));
#3327=CARTESIAN_POINT('',(12.106,20.036,3.8));
#3328=CARTESIAN_POINT('Origin',(12.606,32.6903227114561,7.149876174753));
#3329=CARTESIAN_POINT('Origin',(12.606,32.6903227114561,1.6));
#3330=CARTESIAN_POINT('Origin',(12.106,22.536,1.6));
#3331=CARTESIAN_POINT('',(11.106,22.536,3.8));
#3332=CARTESIAN_POINT('Origin',(12.106,22.536,3.8));
#3333=CARTESIAN_POINT('',(11.106,22.536,1.6));
#3334=CARTESIAN_POINT('',(11.106,22.536,1.6));
#3335=CARTESIAN_POINT('Origin',(12.106,22.536,1.6));
#3336=CARTESIAN_POINT('Origin',(12.106,10.536,1.6));
#3337=CARTESIAN_POINT('',(12.106,9.536,3.8));
#3338=CARTESIAN_POINT('',(11.106,10.536,3.8));
#3339=CARTESIAN_POINT('Origin',(12.106,10.536,3.8));
#3340=CARTESIAN_POINT('',(12.106,9.536,1.6));
#3341=CARTESIAN_POINT('',(12.106,9.536,1.6));
#3342=CARTESIAN_POINT('',(11.106,10.536,1.6));
#3343=CARTESIAN_POINT('Origin',(12.106,10.536,1.6));
#3344=CARTESIAN_POINT('',(11.106,10.536,1.6));
#3345=CARTESIAN_POINT('Origin',(11.106,23.536,1.6));
#3346=CARTESIAN_POINT('',(11.106,9.536,3.8));
#3347=CARTESIAN_POINT('',(11.106,22.535999999998,1.6));
#3348=CARTESIAN_POINT('Origin',(32.106,22.536,1.6));
#3349=CARTESIAN_POINT('',(33.106,22.536,1.6));
#3350=CARTESIAN_POINT('Origin',(32.106,22.536,1.6));
#3351=CARTESIAN_POINT('',(33.106,22.536,3.8));
#3352=CARTESIAN_POINT('',(33.106,22.536,1.6));
#3353=CARTESIAN_POINT('Origin',(32.106,22.536,3.8));
#3354=CARTESIAN_POINT('Origin',(33.106,9.536,1.6));
#3355=CARTESIAN_POINT('',(33.106,10.536,1.6));
#3356=CARTESIAN_POINT('',(33.106,15.535999999998,1.6));
#3357=CARTESIAN_POINT('',(33.106,10.536,3.8));
#3358=CARTESIAN_POINT('',(33.106,10.536,1.6));
#3359=CARTESIAN_POINT('',(33.106,23.536,3.8));
#3360=CARTESIAN_POINT('Origin',(32.106,10.536,1.6));
#3361=CARTESIAN_POINT('',(32.106,9.536,3.8));
#3362=CARTESIAN_POINT('Origin',(32.106,10.536,3.8));
#3363=CARTESIAN_POINT('',(32.106,9.536,1.6));
#3364=CARTESIAN_POINT('Origin',(32.106,10.536,1.6));
#3365=CARTESIAN_POINT('',(32.106,9.536,1.6));
#3366=CARTESIAN_POINT('Origin',(11.106,9.536,1.6));
#3367=CARTESIAN_POINT('',(33.106,9.536,3.8));
#3368=CARTESIAN_POINT('',(16.6060000002576,9.536,1.6));
#3369=CARTESIAN_POINT('Origin',(32.1059999999998,1.53599999999989,4.3749380873765));
#3370=CARTESIAN_POINT('',(31.1059999999998,1.53599999999989,1.6));
#3371=CARTESIAN_POINT('',(32.1059999999998,0.535999999999894,1.6));
#3372=CARTESIAN_POINT('Origin',(32.1059999999998,1.53599999999989,1.6));
#3373=CARTESIAN_POINT('',(32.1059999999998,0.535999999999894,4.3749380873765));
#3374=CARTESIAN_POINT('',(31.1059999999998,1.53599999999989,4.3749380873765));
#3375=CARTESIAN_POINT('Origin',(6.148641,0.535999999999432,1.6));
#3376=CARTESIAN_POINT('',(38.063359,0.536,1.6));
#3377=CARTESIAN_POINT('',(6.148641,0.535999999999432,1.6));
#3378=CARTESIAN_POINT('',(38.063359,0.536,1.6));
#3379=CARTESIAN_POINT('Origin',(22.1060000005152,21.5359999999959,1.6));
#3380=CARTESIAN_POINT('',(27.4629256905035,38.5359999999998,1.6));
#3381=CARTESIAN_POINT('',(40.1846799999997,41.6573199999998,1.6));
#3382=CARTESIAN_POINT('Origin',(38.06335536401,39.535990466584,1.6));
#3383=CARTESIAN_POINT('',(42.2273200000002,39.6146800000002,1.6));
#3384=CARTESIAN_POINT('',(42.2273200000002,39.6146800000002,1.6));
#3385=CARTESIAN_POINT('',(43.106,37.493359,1.6));
#3386=CARTESIAN_POINT('Origin',(40.1060175375299,37.493366577164,1.6));
#3387=CARTESIAN_POINT('',(43.1059999999999,32.7777463804927,1.6));
#3388=CARTESIAN_POINT('',(43.1059999999997,5.578641,1.6));
#3389=CARTESIAN_POINT('',(32.6060000002574,32.7777463804923,1.6));
#3390=CARTESIAN_POINT('',(34.6873227114559,15.701174309752,1.6));
#3391=CARTESIAN_POINT('',(43.1059999999997,5.578641,1.6));
#3392=CARTESIAN_POINT('',(43.1059999999997,5.578641,1.6));
#3393=CARTESIAN_POINT('',(42.22732,3.45732,1.6));
#3394=CARTESIAN_POINT('Origin',(40.106189240652,5.57856230106803,1.6));
#3395=CARTESIAN_POINT('',(40.1846800000003,1.41467999999976,1.6));
#3396=CARTESIAN_POINT('',(40.1846800000003,1.41467999999976,1.6));
#3397=CARTESIAN_POINT('Origin',(38.063366577164,3.53598246247002,1.6));
#3398=CARTESIAN_POINT('',(31.1059999999998,4.53599999999994,1.6));
#3399=CARTESIAN_POINT('',(31.1059999999997,14.035999999998,1.6));
#3400=CARTESIAN_POINT('',(29.1059999999998,6.53599999999992,1.6));
#3401=CARTESIAN_POINT('Origin',(29.1059999999998,4.53599999999992,1.6));
#3402=CARTESIAN_POINT('',(15.106,6.53599999999981,1.6));
#3403=CARTESIAN_POINT('',(17.6060000002577,6.53599999999983,1.6));
#3404=CARTESIAN_POINT('',(13.106,4.53599999999979,1.6));
#3405=CARTESIAN_POINT('Origin',(15.106,4.53599999999981,1.6));
#3406=CARTESIAN_POINT('',(13.106,1.53599999999955,1.6));
#3407=CARTESIAN_POINT('',(13.106,11.0359999999979,1.6));
#3408=CARTESIAN_POINT('',(12.1060000000001,0.535999999999538,1.6));
#3409=CARTESIAN_POINT('Origin',(12.106,1.53599999999954,1.6));
#3410=CARTESIAN_POINT('',(6.148641,0.535999999999432,1.6));
#3411=CARTESIAN_POINT('',(6.148641,0.535999999999432,1.6));
#3412=CARTESIAN_POINT('',(4.02732,1.41468,1.6));
#3413=CARTESIAN_POINT('Origin',(6.148638067451,3.535993675561,1.6));
#3414=CARTESIAN_POINT('',(1.98467999999978,3.45731999999978,1.6));
#3415=CARTESIAN_POINT('',(1.98467999999978,3.45731999999978,1.6));
#3416=CARTESIAN_POINT('',(1.106,5.578641,1.6));
#3417=CARTESIAN_POINT('Origin',(4.105993675561,5.578638067451,1.6));
#3418=CARTESIAN_POINT('',(1.10599999999943,37.493359,1.6));
#3419=CARTESIAN_POINT('',(7.10599999999952,25.7818731902439,1.6));
#3420=CARTESIAN_POINT('',(1.10599999999943,37.493359,1.6));
#3421=CARTESIAN_POINT('',(1.10599999999943,37.493359,1.6));
#3422=CARTESIAN_POINT('',(1.98468,39.61468,1.6));
#3423=CARTESIAN_POINT('Origin',(4.10599367556099,37.493361932549,1.6));
#3424=CARTESIAN_POINT('',(4.02731999999978,41.6573200000002,1.6));
#3425=CARTESIAN_POINT('',(4.02731999999978,41.6573200000002,1.6));
#3426=CARTESIAN_POINT('',(6.148641,42.536,1.6));
#3427=CARTESIAN_POINT('Origin',(6.14863806745101,39.536006324439,1.6));
#3428=CARTESIAN_POINT('',(38.063359,42.5359999999998,1.6));
#3429=CARTESIAN_POINT('',(4.92,6.05,1.6));
#3430=CARTESIAN_POINT('Origin',(6.62,6.05,1.6));
#3431=CARTESIAN_POINT('',(35.892,37.022,1.6));
#3432=CARTESIAN_POINT('Origin',(37.592,37.022,1.6));
#3433=CARTESIAN_POINT('',(4.92,37.022,1.6));
#3434=CARTESIAN_POINT('Origin',(6.62,37.022,1.6));
#3435=CARTESIAN_POINT('',(35.892,6.05,1.6));
#3436=CARTESIAN_POINT('Origin',(37.592,6.05,1.6));
#3437=CARTESIAN_POINT('Origin',(12.106,1.53599999999954,4.3749380873765));
#3438=CARTESIAN_POINT('',(12.1060000000001,0.535999999999538,4.3749380873765));
#3439=CARTESIAN_POINT('',(13.106,1.53599999999955,4.3749380873765));
#3440=CARTESIAN_POINT('Origin',(13.106,0.535999999999869,7.149876174753));
#3441=CARTESIAN_POINT('',(13.106,4.53599999999979,7.149876174753));
#3442=CARTESIAN_POINT('Origin',(29.1059999999998,4.53599999999992,7.149876174753));
#3443=CARTESIAN_POINT('',(29.1059999999998,6.53599999999992,7.149876174753));
#3444=CARTESIAN_POINT('',(31.1059999999998,4.53599999999994,7.149876174753));
#3445=CARTESIAN_POINT('Origin',(13.106,6.53599999999979,7.149876174753));
#3446=CARTESIAN_POINT('',(15.106,6.53599999999981,7.149876174753));
#3447=CARTESIAN_POINT('Origin',(15.106,4.53599999999981,7.149876174753));
#3448=CARTESIAN_POINT('Origin',(37.592,6.05,3.149876174753));
#3449=CARTESIAN_POINT('',(35.892,6.05,3.149876174753));
#3450=CARTESIAN_POINT('Origin',(37.592,6.05,3.149876174753));
#3451=CARTESIAN_POINT('Origin',(37.592,6.05,4.149876174753));
#3452=CARTESIAN_POINT('',(35.892,6.05,4.149876174753));
#3453=CARTESIAN_POINT('Origin',(6.62,37.022,3.149876174753));
#3454=CARTESIAN_POINT('',(4.92,37.022,3.149876174753));
#3455=CARTESIAN_POINT('Origin',(6.62,37.022,3.149876174753));
#3456=CARTESIAN_POINT('Origin',(6.62,37.022,4.149876174753));
#3457=CARTESIAN_POINT('',(4.92,37.022,4.149876174753));
#3458=CARTESIAN_POINT('Origin',(37.592,37.022,3.149876174753));
#3459=CARTESIAN_POINT('',(35.892,37.022,3.149876174753));
#3460=CARTESIAN_POINT('Origin',(37.592,37.022,3.149876174753));
#3461=CARTESIAN_POINT('Origin',(37.592,37.022,4.149876174753));
#3462=CARTESIAN_POINT('',(35.892,37.022,4.149876174753));
#3463=CARTESIAN_POINT('Origin',(6.62,6.05,3.149876174753));
#3464=CARTESIAN_POINT('',(4.92,6.05,3.149876174753));
#3465=CARTESIAN_POINT('Origin',(6.62,6.05,3.149876174753));
#3466=CARTESIAN_POINT('Origin',(6.62,6.05,4.149876174753));
#3467=CARTESIAN_POINT('',(4.92,6.05,4.149876174753));
#3468=CARTESIAN_POINT('Origin',(22.106,16.536,3.8));
#3469=CARTESIAN_POINT('Origin',(32.8198513804918,38.5359999999998,2.5));
#3470=CARTESIAN_POINT('Origin',(43.1059999999999,32.7777463804927,5.1));
#3471=CARTESIAN_POINT('',(43.1059999999999,32.7777463804927,5.1));
#3472=CARTESIAN_POINT('',(43.1059999999999,32.7777463804927,5.1));
#3473=CARTESIAN_POINT('',(43.1059999999998,19.1781936902463,5.1));
#3474=CARTESIAN_POINT('Origin',(43.1059999999999,32.7777463804927,1.6));
#3475=CARTESIAN_POINT('',(43.106,32.7777463804927,1.6));
#3476=CARTESIAN_POINT('Origin',(43.1059999999997,5.578641,1.6));
#3477=CARTESIAN_POINT('',(43.106,37.493359,1.6));
#3478=CARTESIAN_POINT('Origin',(1.10599999999952,32.7777463804919,5.1));
#3479=CARTESIAN_POINT('',(7.10599999999952,32.7777463804919,5.1));
#3480=CARTESIAN_POINT('',(1.10599999999947,35.135552690246,5.1));
#3481=CARTESIAN_POINT('Origin',(7.10599999999952,30.0277463804919,3.35));
#3482=CARTESIAN_POINT('Origin',(1.10599999999943,37.493359,1.6));
#3483=CARTESIAN_POINT('',(1.10599999999943,37.493359,1.6));
#3484=CARTESIAN_POINT('Origin',(31.1059999999998,6.53599999999994,7.149876174753));
#3485=CARTESIAN_POINT('Origin',(6.148641,0.535999999999432,1.6));
#3486=CARTESIAN_POINT('',(6.148641,0.535999999999432,1.6));
#3487=CARTESIAN_POINT('Origin',(34.6873227114559,9.86634861950798,1.6));
#3488=CARTESIAN_POINT('Origin',(30.819851380492,33.9903227114561,4.81774708993772));
#3489=CARTESIAN_POINT('Origin',(9.59027228854407,27.277746380492,4.81774708993771));
#3490=CARTESIAN_POINT('Origin',(1.10599999999943,37.493359,1.6));
#3491=CARTESIAN_POINT('',(1.106,5.578641,1.6));
#3492=CARTESIAN_POINT('Origin',(38.063359,42.5359999999998,1.6));
#3493=CARTESIAN_POINT('',(6.148641,42.536,1.6));
#3494=CARTESIAN_POINT('Origin',(4.105993675561,5.578638067451,1.6));
#3495=CARTESIAN_POINT('',(1.98467999999978,3.45731999999978,1.6));
#3496=CARTESIAN_POINT('Origin',(4.10599367556099,37.493361932549,1.6));
#3497=CARTESIAN_POINT('',(1.98468,39.61468,1.6));
#3498=CARTESIAN_POINT('Origin',(4.02731999999978,41.6573200000002,1.6));
#3499=CARTESIAN_POINT('',(4.02731999999978,41.6573200000002,1.6));
#3500=CARTESIAN_POINT('Origin',(6.14863806745101,39.536006324439,1.6));
#3501=CARTESIAN_POINT('Origin',(38.06335536401,39.535990466584,1.6));
#3502=CARTESIAN_POINT('',(40.1846799999997,41.6573199999998,1.6));
#3503=CARTESIAN_POINT('Origin',(42.2273200000002,39.6146800000002,1.6));
#3504=CARTESIAN_POINT('',(42.2273200000002,39.6146800000002,1.6));
#3505=CARTESIAN_POINT('Origin',(40.1060175375299,37.493366577164,1.6));
#3506=CARTESIAN_POINT('Origin',(43.1059999999997,5.578641,1.6));
#3507=CARTESIAN_POINT('',(43.1059999999997,5.578641,1.6));
#3508=CARTESIAN_POINT('Origin',(40.106189240652,5.57856230106803,1.6));
#3509=CARTESIAN_POINT('',(42.22732,3.45732,1.6));
#3510=CARTESIAN_POINT('Origin',(40.1846800000003,1.41467999999976,1.6));
#3511=CARTESIAN_POINT('',(40.1846800000003,1.41467999999976,1.6));
#3512=CARTESIAN_POINT('Origin',(38.063366577164,3.53598246247002,1.6));
#3513=CARTESIAN_POINT('Origin',(6.148638067451,3.535993675561,1.6));
#3514=CARTESIAN_POINT('',(4.02732,1.41468,1.6));
#3515=CARTESIAN_POINT('Origin',(1.98467999999978,3.45731999999978,1.6));
#3516=UNCERTAINTY_MEASURE_WITH_UNIT(LENGTH_MEASURE(0.01),#3520,
'DISTANCE_ACCURACY_VALUE',
'Maximum model space distance between geometric entities at asserted c
onnectivities');
#3517=UNCERTAINTY_MEASURE_WITH_UNIT(LENGTH_MEASURE(0.01),#3520,
'DISTANCE_ACCURACY_VALUE',
'Maximum model space distance between geometric entities at asserted c
onnectivities');
#3518=(
GEOMETRIC_REPRESENTATION_CONTEXT(3)
GLOBAL_UNCERTAINTY_ASSIGNED_CONTEXT((#3516))
GLOBAL_UNIT_ASSIGNED_CONTEXT((#3520,#3522,#3523))
REPRESENTATION_CONTEXT('','3D')
);
#3519=(
GEOMETRIC_REPRESENTATION_CONTEXT(3)
GLOBAL_UNCERTAINTY_ASSIGNED_CONTEXT((#3517))
GLOBAL_UNIT_ASSIGNED_CONTEXT((#3520,#3522,#3523))
REPRESENTATION_CONTEXT('','3D')
);
#3520=(
LENGTH_UNIT()
NAMED_UNIT(*)
SI_UNIT(.MILLI.,.METRE.)
);
#3521=(
LENGTH_UNIT()
NAMED_UNIT(*)
SI_UNIT($,.METRE.)
);
#3522=(
NAMED_UNIT(*)
PLANE_ANGLE_UNIT()
SI_UNIT($,.RADIAN.)
);
#3523=(
NAMED_UNIT(*)
SI_UNIT($,.STERADIAN.)
SOLID_ANGLE_UNIT()
);
#3524=SHAPE_DEFINITION_REPRESENTATION(#3525,#3526);
#3525=PRODUCT_DEFINITION_SHAPE('',$,#3528);
#3526=SHAPE_REPRESENTATION('',(#2072),#3518);
#3527=PRODUCT_DEFINITION_CONTEXT('part definition',#3532,'design');
#3528=PRODUCT_DEFINITION('Fusion \X2\96F690E84EF6\X0\',
'Fusion \X2\96F690E84EF6\X0\',#3529,#3527);
#3529=PRODUCT_DEFINITION_FORMATION('',$,#3534);
#3530=PRODUCT_RELATED_PRODUCT_CATEGORY('Fusion \X2\96F690E84EF6\X0\',
'Fusion \X2\96F690E84EF6\X0\',(#3534));
#3531=APPLICATION_PROTOCOL_DEFINITION('international standard',
'ap242_managed_model_based_3d_engineering',2011,#3532);
#3532=APPLICATION_CONTEXT('Managed model based 3d engineering');
#3533=PRODUCT_CONTEXT('part definition',#3532,'mechanical');
#3534=PRODUCT('Fusion \X2\96F690E84EF6\X0\','Fusion \X2\96F690E84EF6\X0\',
$,(#3533));
#3535=PRESENTATION_STYLE_ASSIGNMENT((#3537));
#3536=PRESENTATION_STYLE_ASSIGNMENT((#3538));
#3537=SURFACE_STYLE_USAGE(.BOTH.,#3539);
#3538=SURFACE_STYLE_USAGE(.BOTH.,#3540);
#3539=SURFACE_SIDE_STYLE('',(#3541));
#3540=SURFACE_SIDE_STYLE('',(#3542));
#3541=SURFACE_STYLE_FILL_AREA(#3543);
#3542=SURFACE_STYLE_FILL_AREA(#3544);
#3543=FILL_AREA_STYLE('\X2\94A2\X0\ - \X2\7F0E5149\X0\',(#3545));
#3544=FILL_AREA_STYLE('\X2\4E9A514B529B\X0\(\X2\900F660E\X0\)',(#3546));
#3545=FILL_AREA_STYLE_COLOUR('\X2\94A2\X0\ - \X2\7F0E5149\X0\',#3547);
#3546=FILL_AREA_STYLE_COLOUR('\X2\4E9A514B529B\X0\(\X2\900F660E\X0\)',#3548);
#3547=COLOUR_RGB('\X2\94A2\X0\ - \X2\7F0E5149\X0\',0.627450980392157,0.627450980392157,
0.627450980392157);
#3548=COLOUR_RGB('\X2\4E9A514B529B\X0\(\X2\900F660E\X0\)',0.964705882352941,
0.964705882352941,0.952941176470588);
ENDSEC;
END-ISO-10303-21;
